-- phpMyAdmin SQL Dump
-- version 4.8.5
-- https://www.phpmyadmin.net/
--
-- Host: 127.0.0.1
-- Generation Time: Feb 11, 2020 at 02:09 AM
-- Server version: 10.1.38-MariaDB
-- PHP Version: 7.3.3

SET SQL_MODE = "NO_AUTO_VALUE_ON_ZERO";
SET AUTOCOMMIT = 0;
START TRANSACTION;
SET time_zone = "+00:00";


/*!40101 SET @OLD_CHARACTER_SET_CLIENT=@@CHARACTER_SET_CLIENT */;
/*!40101 SET @OLD_CHARACTER_SET_RESULTS=@@CHARACTER_SET_RESULTS */;
/*!40101 SET @OLD_COLLATION_CONNECTION=@@COLLATION_CONNECTION */;
/*!40101 SET NAMES utf8mb4 */;

--
-- Database: `siabanggp`
--

-- --------------------------------------------------------

--
-- Table structure for table `migrations`
--

CREATE TABLE `migrations` (
  `id` int(10) UNSIGNED NOT NULL,
  `migration` varchar(191) COLLATE utf8mb4_unicode_ci NOT NULL,
  `batch` int(11) NOT NULL
) ENGINE=InnoDB DEFAULT CHARSET=utf8mb4 COLLATE=utf8mb4_unicode_ci;

--
-- Dumping data for table `migrations`
--

INSERT INTO `migrations` (`id`, `migration`, `batch`) VALUES
(56, '2014_10_12_000000_create_users_table', 1),
(57, '2014_10_12_100000_create_password_resets_table', 1),
(58, '2018_12_10_125521_create_outlets_table', 1),
(59, '2020_02_05_120212_create_surveys_table', 1),
(60, '2020_02_05_121624_create_selections_table', 1),
(61, '2020_02_05_121630_create_survey_selections_table', 1),
(62, '2020_02_05_125837_create_settings_table', 1);

-- --------------------------------------------------------

--
-- Table structure for table `outlets`
--

CREATE TABLE `outlets` (
  `id` int(10) UNSIGNED NOT NULL,
  `name` varchar(60) COLLATE utf8mb4_unicode_ci NOT NULL,
  `address` varchar(191) COLLATE utf8mb4_unicode_ci DEFAULT NULL,
  `latitude` varchar(15) COLLATE utf8mb4_unicode_ci DEFAULT NULL,
  `longitude` varchar(15) COLLATE utf8mb4_unicode_ci DEFAULT NULL,
  `creator_id` int(10) UNSIGNED NOT NULL,
  `created_at` timestamp NULL DEFAULT NULL,
  `updated_at` timestamp NULL DEFAULT NULL
) ENGINE=InnoDB DEFAULT CHARSET=utf8mb4 COLLATE=utf8mb4_unicode_ci;

--
-- Dumping data for table `outlets`
--

INSERT INTO `outlets` (`id`, `name`, `address`, `latitude`, `longitude`, `creator_id`, `created_at`, `updated_at`) VALUES
(1, 'Magnam Fuga', '14774 Raynor Viaduct Apt. 458\nJorgechester, NH 28552-9033', '-1.245445', '116.829723', 1, '2020-02-09 18:52:10', '2020-02-09 18:52:10'),
(2, 'Quo Facere', '249 Hane Estate\nNew Candelario, AR 55534', '-1.24948', '116.844247', 1, '2020-02-09 18:52:10', '2020-02-09 18:52:10'),
(3, 'Totam Odio', '13020 Hodkiewicz Islands\nEast Jenafurt, DE 51910', '-1.279327', '116.811328', 1, '2020-02-09 18:52:10', '2020-02-09 18:52:10'),
(4, 'Atque Et', '138 Jonas Rue\nJeffreyview, MI 92061', '-1.248316', '116.871933', 1, '2020-02-09 18:52:10', '2020-02-09 18:52:10'),
(5, 'Cum Incidunt', '658 Anais Corner Suite 786\nArjunberg, HI 38008', '-1.2817', '116.795149', 1, '2020-02-09 18:52:10', '2020-02-09 18:52:10'),
(6, 'Qui Minus', '2215 Geoffrey Plains\nHermanfurt, MN 71253-0624', '-1.290395', '116.753105', 1, '2020-02-09 18:52:10', '2020-02-09 18:52:10'),
(7, 'Et Amet', '128 Turcotte Plaza\nEast Herman, CA 24329', '-1.227027', '116.873194', 1, '2020-02-09 18:52:10', '2020-02-09 18:52:10'),
(8, 'Quis Similique', '3877 Luciano Valleys Suite 391\nMayertfort, MI 56815-3393', '-1.284069', '116.782268', 1, '2020-02-09 18:52:10', '2020-02-09 18:52:10'),
(9, 'Quibusdam Nesciunt', '79280 Lesch Spring\nNorth Tia, AK 83609-8622', '-1.216663', '116.88819', 1, '2020-02-09 18:52:10', '2020-02-09 18:52:10'),
(10, 'Adipisci Odit', '959 Jennie Drive\nNorth Mathilde, MS 59852-9040', '-1.217086', '116.888282', 1, '2020-02-09 18:52:10', '2020-02-09 18:52:10'),
(11, 'Voluptas Voluptatem', '3625 Sipes Summit\nFerrychester, MT 62796', '-1.266884', '116.853422', 1, '2020-02-09 18:52:10', '2020-02-09 18:52:10'),
(12, 'Et Tempora', '550 Christina Passage\nKyraburgh, NM 58325', '-1.30646', '116.794032', 1, '2020-02-09 18:52:10', '2020-02-09 18:52:10'),
(13, 'Repudiandae Ducimus', '562 Andreane Plains\nAdellaton, SC 35573', '-1.225215', '116.763058', 1, '2020-02-09 18:52:10', '2020-02-09 18:52:10'),
(14, 'Rerum Blanditiis', '40867 Stanton Fall\nAriburgh, MO 88433-0986', '-1.290168', '116.785065', 1, '2020-02-09 18:52:10', '2020-02-09 18:52:10'),
(15, 'Quia Id', '9133 Meredith Cliff Apt. 641\nTurcotteville, AL 32092', '-1.221296', '116.844891', 1, '2020-02-09 18:52:10', '2020-02-09 18:52:10'),
(16, 'Dicta Voluptas', '931 Mueller Trail\nNorth Emeliafort, TN 51909', '-1.2255', '116.848088', 1, '2020-02-09 18:52:10', '2020-02-09 18:52:10'),
(17, 'Quis Ipsam', '6326 Thad Causeway\nHermistonshire, NY 98888-8219', '-1.299291', '116.830262', 1, '2020-02-09 18:52:10', '2020-02-09 18:52:10'),
(18, 'Tempore Quis', '9836 Kulas Row\nLynchport, ME 67226-1625', '-1.290123', '116.856394', 1, '2020-02-09 18:52:10', '2020-02-09 18:52:10'),
(19, 'Aut Quam', '95520 Richmond Roads Suite 168\nTerryshire, HI 49159', '-1.219345', '116.8028', 1, '2020-02-09 18:52:10', '2020-02-09 18:52:10'),
(20, 'Maiores Omnis', '2187 Jadyn Route Suite 822\nDollyborough, LA 23408-3237', '-1.28899', '116.858609', 1, '2020-02-09 18:52:10', '2020-02-09 18:52:10'),
(21, 'Consequatur Quis', '648 Price Rapid\nWest Keagan, GA 06029', '-1.291641', '116.831845', 1, '2020-02-09 18:52:10', '2020-02-09 18:52:10'),
(22, 'Cum Exercitationem', '68927 Maggio View\nWest Gerryburgh, UT 31774', '-1.237354', '116.872006', 1, '2020-02-09 18:52:10', '2020-02-09 18:52:10'),
(23, 'Fugiat Rem', '668 Waters Stream\nCelestinofurt, ND 97369', '-1.231412', '116.752978', 1, '2020-02-09 18:52:10', '2020-02-09 18:52:10'),
(24, 'Dolor Voluptas', '313 Mueller Parkway Suite 148\nNorth Luella, NE 76690', '-1.297942', '116.77014', 1, '2020-02-09 18:52:10', '2020-02-09 18:52:10'),
(25, 'Id Corporis', '6872 Bartell Path Suite 320\nMarvinmouth, AL 75547-3134', '-1.222059', '116.783976', 1, '2020-02-09 18:52:10', '2020-02-09 18:52:10'),
(26, 'Laudantium Atque', '623 Lois Run\nWest Jamieview, NM 62096-8033', '-1.24519', '116.846812', 1, '2020-02-09 18:52:10', '2020-02-09 18:52:10'),
(27, 'Assumenda Debitis', '8897 Hank River\nNorth Yesseniabury, MD 21082', '-1.249413', '116.841366', 1, '2020-02-09 18:52:10', '2020-02-09 18:52:10'),
(28, 'Rerum Quia', '46629 Leffler Fort\nElodyshire, ME 49534-7786', '-1.216492', '116.803929', 1, '2020-02-09 18:52:10', '2020-02-09 18:52:10'),
(29, 'Voluptatem Quia', '345 Thiel Burg\nLillabury, ND 98984', '-1.22338', '116.884998', 1, '2020-02-09 18:52:10', '2020-02-09 18:52:10'),
(30, 'Aut Ut', '7048 Arely Forges\nKipbury, NE 06540', '-1.299718', '116.850236', 1, '2020-02-09 18:52:10', '2020-02-09 18:52:10');

-- --------------------------------------------------------

--
-- Table structure for table `password_resets`
--

CREATE TABLE `password_resets` (
  `email` varchar(191) COLLATE utf8mb4_unicode_ci NOT NULL,
  `token` varchar(191) COLLATE utf8mb4_unicode_ci NOT NULL,
  `created_at` timestamp NULL DEFAULT NULL
) ENGINE=InnoDB DEFAULT CHARSET=utf8mb4 COLLATE=utf8mb4_unicode_ci;

-- --------------------------------------------------------

--
-- Table structure for table `selections`
--

CREATE TABLE `selections` (
  `id` int(10) UNSIGNED NOT NULL,
  `user_id` int(10) UNSIGNED NOT NULL,
  `title` varchar(191) COLLATE utf8mb4_unicode_ci NOT NULL,
  `type` int(11) NOT NULL COMMENT '1 = administrasi, 2 = konstruksi, 3 = pemeliharaan',
  `deleted_at` timestamp NULL DEFAULT NULL,
  `created_at` timestamp NULL DEFAULT NULL,
  `updated_at` timestamp NULL DEFAULT NULL
) ENGINE=InnoDB DEFAULT CHARSET=utf8mb4 COLLATE=utf8mb4_unicode_ci;

--
-- Dumping data for table `selections`
--

INSERT INTO `selections` (`id`, `user_id`, `title`, `type`, `deleted_at`, `created_at`, `updated_at`) VALUES
(1, 1, 'Surat/bukti pemanfaatan tanah', 1, NULL, NULL, NULL),
(2, 1, 'Gambar situasi atau rencana tapak', 1, NULL, NULL, NULL),
(3, 1, 'Gambar denah', 1, NULL, NULL, NULL),
(4, 1, 'Gambar tampak', 1, NULL, NULL, NULL),
(5, 1, 'Gambar potongan', 1, NULL, NULL, NULL),
(6, 1, 'Gambar detai arsitektur', 1, NULL, NULL, NULL),
(7, 1, 'Spesifikasi umum', 1, NULL, NULL, NULL),
(8, 1, 'Perhitungan struktur', 1, NULL, NULL, NULL),
(9, 1, 'Hasil penyelidikan tanah', 1, NULL, NULL, NULL),
(10, 1, 'Gambar rencana pondasi termasuk detail', 1, NULL, NULL, NULL),
(11, 1, 'Rencana basemen', 1, NULL, NULL, NULL),
(12, 1, 'Gambar rencana kolom, balok, plat dan detailnya', 1, NULL, NULL, NULL),
(13, 1, 'Gambar rencana rangka atap,penutup dan detailnya', 1, NULL, NULL, NULL),
(14, 1, 'Spesifikasi umum struktur', 1, NULL, NULL, NULL),
(15, 1, 'Spesifikasi khusus', 1, NULL, NULL, NULL),
(16, 1, 'Analisis model komputer', 1, NULL, NULL, NULL),
(17, 1, 'Perhitungan utilitas', 1, NULL, NULL, NULL),
(18, 1, 'Perhitungan kebisingan', 1, NULL, NULL, NULL),
(19, 1, 'Gambar sistem sanitasi', 1, NULL, NULL, NULL),
(20, 1, 'Gambar pengelolaan air hujan', 1, NULL, NULL, NULL),
(21, 1, 'Gambar sistem instalasi listrik', 1, NULL, NULL, NULL),
(22, 1, 'Gambar sistem proteksi kebakaran', 1, NULL, NULL, NULL),
(23, 1, 'Gambar sistem penghawaan', 1, NULL, NULL, NULL),
(24, 1, 'Gambar sistem transportasi vertikal', 1, NULL, NULL, NULL),
(25, 1, 'Gambar sistem komunikasi intern dan ekstern', 1, NULL, NULL, NULL),
(26, 1, 'Gambar sistem penangkal petir', 1, NULL, NULL, NULL),
(27, 1, 'Spesifikasi umum utilitas', 1, NULL, NULL, NULL),
(28, 1, 'Gambar terbangun sesuai rencana', 2, NULL, NULL, NULL),
(29, 1, 'Gambar terbangun arsitektur', 2, NULL, NULL, NULL),
(30, 1, 'Gambar terbangun struktur', 2, NULL, NULL, NULL),
(31, 1, 'Gambar terpasang utilitas/instalasi', 2, NULL, NULL, NULL),
(32, 1, 'Dokumentasi setiap pelaksanaan konstruksi', 2, NULL, NULL, NULL),
(33, 1, 'Laporan inspeksi berkala', 2, NULL, NULL, NULL),
(34, 1, 'Dokumen ikatan kerja', 2, NULL, NULL, NULL),
(35, 1, 'Laporan pengawasan konstruksi BG', 2, NULL, NULL, NULL),
(36, 1, 'Rekomendasi teknis dari PD terkait', 2, NULL, NULL, NULL),
(37, 1, 'Manual pengoperasian, pemeliharaan & rawat', 2, NULL, NULL, NULL),
(38, 1, 'Hasil pengetesan dan pengujian', 2, NULL, NULL, NULL),
(39, 1, 'Hasil pengujian material dan ', 2, NULL, NULL, NULL),
(40, 1, 'Laporan pemeriksaan berkala BG', 3, NULL, NULL, NULL),
(41, 1, 'Laporan pengetesan dan pengujian', 3, NULL, NULL, NULL),
(42, 1, 'Laporan hasil perbaikan dan/ penggantian alat', 3, NULL, NULL, NULL);

-- --------------------------------------------------------

--
-- Table structure for table `settings`
--

CREATE TABLE `settings` (
  `id` int(10) UNSIGNED NOT NULL,
  `app_name` varchar(191) COLLATE utf8mb4_unicode_ci NOT NULL,
  `app_full_name` varchar(191) COLLATE utf8mb4_unicode_ci NOT NULL,
  `app_description` varchar(191) COLLATE utf8mb4_unicode_ci NOT NULL,
  `created_at` timestamp NULL DEFAULT NULL,
  `updated_at` timestamp NULL DEFAULT NULL
) ENGINE=InnoDB DEFAULT CHARSET=utf8mb4 COLLATE=utf8mb4_unicode_ci;

--
-- Dumping data for table `settings`
--

INSERT INTO `settings` (`id`, `app_name`, `app_full_name`, `app_description`, `created_at`, `updated_at`) VALUES
(1, 'SIABANG GP', 'Sistem Informasi  Analisis Bangunan Gedung Pemerintah', 'Sistem ini dikembangkan untuk mendata Gedung Pemerintah kemudian mengelola data tersebut dalam sebuah database', NULL, NULL);

-- --------------------------------------------------------

--
-- Table structure for table `surveys`
--

CREATE TABLE `surveys` (
  `id` int(10) UNSIGNED NOT NULL,
  `user_id` int(10) UNSIGNED NOT NULL,
  `kode` varchar(191) COLLATE utf8mb4_unicode_ci NOT NULL,
  `latitude` varchar(191) COLLATE utf8mb4_unicode_ci NOT NULL,
  `longitude` varchar(191) COLLATE utf8mb4_unicode_ci NOT NULL,
  `tanggal` date NOT NULL,
  `nama_gedung` varchar(191) COLLATE utf8mb4_unicode_ci NOT NULL,
  `pemilik_gedung` varchar(191) COLLATE utf8mb4_unicode_ci DEFAULT NULL,
  `fungsi_gedung` varchar(191) COLLATE utf8mb4_unicode_ci DEFAULT NULL,
  `klasifikasi_gedung` varchar(191) COLLATE utf8mb4_unicode_ci DEFAULT NULL,
  `lokasi_gedung` varchar(191) COLLATE utf8mb4_unicode_ci DEFAULT NULL,
  `jumlah_lantai` int(11) NOT NULL DEFAULT '0',
  `ketinggian` double NOT NULL DEFAULT '0',
  `luas_lantai` double NOT NULL DEFAULT '0',
  `luas_lantai_dasar` double NOT NULL DEFAULT '0',
  `luas_tanah` double NOT NULL DEFAULT '0',
  `surat_bukti` int(11) NOT NULL DEFAULT '1' COMMENT '1 = sertifikat, 2 = imtn, 3 = bukti lainnya',
  `pptk` varchar(191) COLLATE utf8mb4_unicode_ci DEFAULT NULL,
  `ppk` varchar(191) COLLATE utf8mb4_unicode_ci DEFAULT NULL,
  `tahun_anggaran` varchar(191) COLLATE utf8mb4_unicode_ci DEFAULT NULL,
  `cara_pelaksanaan` tinyint(1) NOT NULL DEFAULT '1' COMMENT '0 = swasta, 1 = perusahaan',
  `youtube_id` varchar(191) COLLATE utf8mb4_unicode_ci DEFAULT NULL,
  `foto` varchar(191) COLLATE utf8mb4_unicode_ci DEFAULT NULL,
  `deleted_at` timestamp NULL DEFAULT NULL,
  `created_at` timestamp NULL DEFAULT NULL,
  `updated_at` timestamp NULL DEFAULT NULL
) ENGINE=InnoDB DEFAULT CHARSET=utf8mb4 COLLATE=utf8mb4_unicode_ci;

--
-- Dumping data for table `surveys`
--

INSERT INTO `surveys` (`id`, `user_id`, `kode`, `latitude`, `longitude`, `tanggal`, `nama_gedung`, `pemilik_gedung`, `fungsi_gedung`, `klasifikasi_gedung`, `lokasi_gedung`, `jumlah_lantai`, `ketinggian`, `luas_lantai`, `luas_lantai_dasar`, `luas_tanah`, `surat_bukti`, `pptk`, `ppk`, `tahun_anggaran`, `cara_pelaksanaan`, `youtube_id`, `foto`, `deleted_at`, `created_at`, `updated_at`) VALUES
(1, 1, 'A.1', '-1.169818', '117.002301', '2019-07-14', 'Kelurahan Teritip', 'Pemerintah Kota Balikpapan', NULL, NULL, NULL, 0, 0, 0, 0, 0, 1, NULL, NULL, NULL, 1, NULL, 'garden_1581306978.png', NULL, NULL, '2020-02-09 19:56:19'),
(2, 1, 'A.2', '-1.224963', '116.96307', '2019-07-14', 'Kelurahan Manggar', 'Pemerintah Kota Balikpapan', 'Kantor Kelurahan', NULL, 'Jln, Lumba-lumba', 0, 0, 0, 0, 0, 1, NULL, NULL, NULL, 1, NULL, NULL, NULL, NULL, NULL),
(3, 1, 'A.3', '-1.207017', '116.977304', '2019-07-14', 'Kelurahan Lamaru', NULL, NULL, NULL, NULL, 0, 0, 0, 0, 0, 1, NULL, NULL, NULL, 1, NULL, NULL, NULL, NULL, NULL),
(4, 1, 'A.7', '-1.234366', '116.820902', '2019-07-14', 'Kelurahan Baru Ilir', NULL, NULL, NULL, NULL, 0, 0, 0, 0, 0, 1, NULL, NULL, NULL, 1, NULL, NULL, NULL, NULL, NULL),
(5, 1, 'A.8', '-1.224438', '116.816035', '2019-07-14', 'Kelurahan Baru Ulu', NULL, NULL, NULL, NULL, 0, 0, 0, 0, 0, 1, NULL, NULL, NULL, 1, NULL, NULL, NULL, NULL, NULL),
(6, 1, 'A.9', '-1.23136', '116.812818', '2019-07-14', 'Kelurahan Baru Tengah', NULL, NULL, NULL, NULL, 0, 0, 0, 0, 0, 1, NULL, NULL, NULL, 1, NULL, NULL, NULL, NULL, NULL),
(7, 1, 'A.11', '-1.244618', '116.848582', '2019-07-14', 'Kelurahan Sumber Rejo', 'Pemerintah Kota Balikpapan', 'Gedung Kantor Kelurahan Sumber Rejo', 'Bangunan Sederhana', 'Jln.Sumber Rejo 1', 2, 10, 308.32, 154.16, 963.48, 1, NULL, NULL, NULL, 1, NULL, NULL, NULL, NULL, NULL),
(8, 1, 'A.14', '-1.256916', '116.846668', '2019-07-14', 'Kelurahan Gunung Sari Ulu', NULL, NULL, NULL, NULL, 0, 0, 0, 0, 0, 1, NULL, NULL, NULL, 1, NULL, NULL, NULL, NULL, NULL),
(9, 1, 'A.19', '-1.234196', '116.860404', '2019-07-14', 'Kelurahan Gunung Samarinda Baru', 'Pemerintah Kota Balikpapan', 'Kantor Kelurahan', NULL, 'Jl.Indrakila', 0, 0, 0, 0, 0, 1, NULL, NULL, NULL, 1, NULL, NULL, NULL, NULL, NULL),
(10, 1, 'A.21', '-1.195136', '116.848048', '2019-07-14', 'Kelurahan Graha Indah', 'Pemerintah Kota Balikpapan', 'Kantor Kelurahan', NULL, 'Jln, Lumba-lumba', 0, 0, 0, 0, 0, 1, NULL, NULL, NULL, 1, NULL, NULL, NULL, NULL, NULL),
(11, 1, 'B.4', '-1.20525', '116.861881', '2019-07-14', 'Kecamatan Balikpapan Utara', 'Bangunan Milik Pemerintah kota Balikpapan', 'Kantor Kelurahan', NULL, 'Perumahan Graha Indah', 2, 0, 0, 0, 0, 1, NULL, NULL, '2018', 1, NULL, NULL, NULL, NULL, NULL),
(12, 1, 'C.1', '-1.276575', '116.827713', '2019-07-14', 'Sekretariat Daerah/Walikota Balikpapan', 'Pemerintah Kota Balikpapan', 'Kantor', 'Bangunan Tidak Sederhana', 'Jalan Jend.Sudirman', 2, 0, 0, 0, 0, 1, NULL, NULL, NULL, 1, NULL, NULL, NULL, NULL, NULL),
(13, 1, 'C.8', '-1.242688', '116.892081', '2019-07-14', 'Dinas Pekerjaan Umum (DPU)', 'Pemerintah Kota Balikpapan', 'Bangunan Gedung Kantor', 'Tidak Sederhana', 'Jalan Ruhui Rahayu I no.1', 2, 10, 2004.8, 1002.4, 2, 1, NULL, NULL, NULL, 1, NULL, NULL, NULL, NULL, '2020-02-09 23:20:17'),
(14, 1, 'C.11', '-1.242956', '116.895174', '2019-07-14', 'Dinas Penanaman Modal dan Perizinan Terpadu (DPMPT)', NULL, NULL, NULL, NULL, 0, 0, 0, 0, 0, 1, NULL, NULL, NULL, 1, NULL, NULL, NULL, NULL, NULL),
(15, 1, 'C.12', '-1.242956', '116.895174', '2019-07-14', 'Dinas Perhubungan', 'Pemerintah Kota Balikpapan', 'Kantor Dinas Perhubungan', 'Bangunan tidak sederhana', 'Jl.Ruhui Rahayu I No 5', 5, 25, 4373.45, 874.69, 4757.72, 1, NULL, NULL, NULL, 1, NULL, NULL, NULL, NULL, NULL),
(16, 1, 'C.15', '-1.2570252', '116.8616868', '2019-07-14', 'Gabungan: Dinas Kependudukan dan Pencatatan Sipil;Dinas Pemberdayaan Perempuan, Perlindungan Anak dan Keluarga Berencana (DPPPKB)', NULL, NULL, NULL, NULL, 0, 0, 0, 0, 0, 1, NULL, NULL, NULL, 1, NULL, NULL, NULL, NULL, NULL),
(17, 1, 'C.16', '-1.2775213', '116.8234968', '2019-07-14', 'Gabungan: Dinas Ketenagakerjaan; Dinas Sosial; Badan Pengelola Pajak Daerah dan Retribusi;Badan Kepegawaian dan Pengembangan Sumber Daya Manusia', NULL, NULL, NULL, NULL, 0, 0, 0, 0, 0, 1, NULL, NULL, NULL, 1, NULL, NULL, NULL, NULL, NULL),
(18, 1, 'C.17', '-1.269722', '116.875545', '2019-07-14', 'Dinas Pemuda, Olahraga dan Pariwisata', 'Pemerintah Kota Balikpapan', 'Kantor Dinas', NULL, 'Jln,Marsma iswahyudi', 0, 0, 0, 0, 0, 1, NULL, NULL, NULL, 1, NULL, NULL, NULL, NULL, NULL),
(19, 1, 'C.21', '-1.277617', '116.827619', '2019-07-14', 'Dinas Komunikasi dan Informatika', 'Pemerintah Kota Balikpapan', 'Kantor Pemerintah', 'Bangunan Tidak Sederhana', 'Jalan Jend Sudirman', 1, 4, 0, 0, 0, 1, NULL, 'MUHAMMAD NOOR', '2018', 1, NULL, NULL, NULL, NULL, NULL),
(20, 1, 'D.3', '-1.244452', '116.890551', '2019-07-14', 'Squash Stadium', 'Pemerintah Kota Balikpapan', 'Gedung Olahraga', 'Khusus', 'Jl. Syarifuddin Yoes No. 1 Gn. Bahagia Balikpapan Se\"latitude\"an, Kota Balikpapan', 2, 0, 0, 0, 0, 1, NULL, 'AM.Yusri Ramli', '2012', 1, NULL, NULL, NULL, NULL, NULL),
(21, 1, 'E.1', '-1.238045', '116.882044', '2019-07-14', 'Masjid Balikpapan Islamic Center (BIC)', 'Pemerintah Kota Balikpapan', 'Tempat Ibadah', 'Khusus', 'Jl.Belibis', 4, 0, 25641.88, 12820.94, 139878.62, 1, NULL, 'AM.Yusri Ramli', '2012', 1, 'JGjVcnXUqYw', NULL, NULL, NULL, '2020-02-09 23:41:14'),
(22, 1, 'E.2', '-1.238045', '116.882044', '2019-07-14', 'Gedung Kesenian', 'Pemerintah Kota Balikpapan', 'Gedung Serbaguna', 'Bangunan Tidak Sederhana', 'Jl. Syarifuddin Yoes', 1, 0, 0, 0, 0, 1, NULL, 'AM.YUSRI RAMLI', '2010', 1, 'zcOsRSM7fr4', NULL, NULL, NULL, NULL),
(23, 1, 'F.1', '-1.238364', '116.824568', '2019-07-18', 'Pasar Pandansari', 'Pemerintah Kota Balikpapan', 'Pasar', NULL, 'Jalan Pandan Sari', 0, 0, 0, 0, 0, 1, NULL, 'MUHAIMIN, STMT', NULL, 1, 'zcOsRSM7fr4', NULL, NULL, NULL, NULL),
(24, 1, 'F.2', '-1.278043', '116.830868', '2019-07-18', 'Pasar Klandasan', 'Pemerintah Kota Balikpapan', 'Pasar', 'Khusus', 'Jalan Jend.Sudirman', 0, 0, 0, 0, 0, 1, NULL, 'MUHAIMIN, STMT', NULL, 1, 'zcOsRSM7fr4', NULL, NULL, NULL, NULL),
(25, 1, 'G.2', '-1.234142', '116.821385', '2019-07-18', 'Rumah Sakit Bersalin (RSB) Sayang Ibu', 'Pemerintah Kota Balikpapan', 'Rumah Sakit Bersalin', NULL, 'JL.LETJEND SOEPRAPTO', 0, 0, 0, 0, 0, 1, NULL, NULL, NULL, 1, NULL, NULL, NULL, NULL, '2020-02-10 04:24:01'),
(26, 1, 'H.1', '-1.272312', '116.831037', '2019-07-18', 'SDN 001 Balikpapan Kota', 'Pemerintah Kota Balikpapan', 'Sekolah', 'Khusus', 'Jln.Tanjung Pura', 2, 0, 0, 0, 0, 1, NULL, NULL, NULL, 1, NULL, NULL, NULL, NULL, '2020-02-10 04:25:19'),
(27, 1, 'H.2 ', '-1.271073', '116.833661', '2019-07-18', 'SMPN 1 Balikpapan', 'Pemerintah Kota Balikpapan', 'Sekolah', NULL, NULL, 0, 0, 0, 0, 0, 1, NULL, NULL, NULL, 1, NULL, NULL, NULL, NULL, NULL),
(28, 1, 'I.1', '-1.251203', '116.885751', '2019-07-18', 'Tennis Stadium', 'Pemerintah Kota Balikpapan', 'GEDUNG OLAHRAGA DAN WISMA ATLIT', NULL, 'JL.ASNAWI ARBAIN', 0, 0, 0, 0, 0, 1, NULL, NULL, NULL, 1, NULL, NULL, NULL, NULL, NULL),
(29, 1, 'I.2', '-1.168215', '116.914624', '2019-07-18', 'Venue Dayung', 'Pemerintah Kota Balikpapan', 'GEDUNG OLAHRAGA DAN WISMA ATLIT', NULL, NULL, 0, 0, 0, 0, 0, 1, NULL, NULL, NULL, 1, NULL, NULL, NULL, NULL, NULL),
(30, 1, 'J.1', '-1.276925', '116.832957', '2019-07-18', 'Gedung Parkir', 'Pemerintah Kota Balikpapan', 'Gedung Parkir, Aula dan Jajanan Kuliner', 'Khusus', 'Jl.Jendral Sudirman', 7, 0, 0, 0, 0, 1, NULL, 'Ahmad Safei, STMT', '2015', 1, NULL, NULL, NULL, NULL, NULL),
(31, 1, 'D.2', '-1.243648', '116.890178', '2019-07-18', 'Balikpapan Sport and Convention Center (BSCC)', 'Pemerintah Kota Balikpapan', 'GEDUNG OLAHRAGA DAN PERTEMUAN', 'Bangunan Khusus', 'JL.RUHUI RAHAYU', 3, 25, 5180.08, 2590.04, 31779.88, 1, NULL, 'AM.YUSRI RAMLI', NULL, 1, NULL, NULL, NULL, NULL, '2020-02-10 04:31:05'),
(32, 1, 'D.1', '-1.23321', '116.94462', '2019-07-18', 'Balikpapan Stadium', 'Pemerintah Kota Balikpapan', 'Fasilitas Olah Raga /Lapangan Sepak Bola', 'Bangunan Khusus', 'Jalan Mulawarman', 0, 0, 0, 0, 0, 1, NULL, 'AM.YUSRI RAMLI, STMT', NULL, 1, NULL, NULL, NULL, NULL, NULL),
(35, 1, 'G.1', '-1.264216', '116.847575', '2019-07-18', 'Rumah Sakit Umum Daerah (RSUD) Beriman Kota Balikpapan', NULL, NULL, NULL, NULL, 0, 0, 0, 0, 0, 1, NULL, NULL, NULL, 0, NULL, 'noImage.jpg', NULL, '2020-02-10 04:20:06', '2020-02-10 04:20:06');

-- --------------------------------------------------------

--
-- Table structure for table `survey_selections`
--

CREATE TABLE `survey_selections` (
  `id` int(10) UNSIGNED NOT NULL,
  `survey_id` int(10) UNSIGNED NOT NULL,
  `selection_id` int(10) UNSIGNED NOT NULL,
  `choice` tinyint(1) NOT NULL COMMENT '1 = sesuai, 0 = tidak sesuai',
  `description` text COLLATE utf8mb4_unicode_ci,
  `created_at` timestamp NULL DEFAULT NULL,
  `updated_at` timestamp NULL DEFAULT NULL
) ENGINE=InnoDB DEFAULT CHARSET=utf8mb4 COLLATE=utf8mb4_unicode_ci;

--
-- Dumping data for table `survey_selections`
--

INSERT INTO `survey_selections` (`id`, `survey_id`, `selection_id`, `choice`, `description`, `created_at`, `updated_at`) VALUES
(1, 1, 1, 1, '1', NULL, '2020-02-09 19:18:07'),
(2, 2, 1, 1, '0', NULL, '2020-02-09 19:25:11'),
(3, 3, 1, 1, NULL, NULL, '2020-02-09 19:27:29'),
(4, 4, 1, 1, '1', NULL, '2020-02-09 21:47:04'),
(5, 5, 1, 1, '1', NULL, '2020-02-09 21:49:25'),
(6, 6, 1, 0, '1', NULL, '2020-02-09 21:51:31'),
(7, 7, 1, 0, '0', NULL, '2020-02-09 21:53:30'),
(8, 8, 1, 1, '1', NULL, '2020-02-09 21:55:12'),
(9, 9, 1, 0, '0', NULL, '2020-02-09 21:57:18'),
(10, 10, 1, 0, '1', NULL, '2020-02-09 21:59:24'),
(11, 11, 1, 1, '1', NULL, '2020-02-09 22:51:14'),
(12, 12, 1, 1, '0', NULL, '2020-02-09 23:16:05'),
(13, 13, 1, 1, '0', NULL, '2020-02-09 23:20:17'),
(14, 14, 1, 0, NULL, NULL, '2020-02-09 23:21:37'),
(15, 15, 1, 1, '0', NULL, '2020-02-09 23:24:01'),
(16, 16, 1, 0, NULL, NULL, '2020-02-09 23:27:05'),
(17, 17, 1, 0, NULL, NULL, '2020-02-09 23:29:29'),
(18, 18, 1, 0, NULL, NULL, NULL),
(19, 19, 1, 0, NULL, NULL, NULL),
(20, 20, 1, 0, '1', NULL, '2020-02-09 23:38:17'),
(21, 21, 1, 0, '0', NULL, '2020-02-09 23:40:45'),
(22, 22, 1, 0, '0', NULL, '2020-02-09 23:43:45'),
(23, 23, 1, 1, '1', NULL, '2020-02-09 23:45:46'),
(24, 24, 1, 0, '1', NULL, '2020-02-09 23:47:03'),
(25, 25, 1, 1, '1', NULL, '2020-02-10 04:24:01'),
(26, 26, 1, 1, '1', NULL, '2020-02-10 04:25:19'),
(27, 27, 1, 0, NULL, NULL, NULL),
(28, 28, 1, 0, '1', NULL, '2020-02-10 04:26:46'),
(29, 29, 1, 0, '1', NULL, '2020-02-10 04:27:59'),
(30, 30, 1, 1, '1', NULL, '2020-02-10 04:29:48'),
(31, 31, 1, 1, '0', NULL, '2020-02-10 04:31:05'),
(32, 32, 1, 1, '0', NULL, '2020-02-10 04:32:35'),
(33, 1, 2, 1, '1', NULL, '2020-02-09 19:18:07'),
(34, 2, 2, 1, '0', NULL, '2020-02-09 19:25:11'),
(35, 3, 2, 1, NULL, NULL, '2020-02-09 19:27:29'),
(36, 4, 2, 1, '1', NULL, '2020-02-09 21:47:04'),
(37, 5, 2, 1, '1', NULL, '2020-02-09 21:49:25'),
(38, 6, 2, 0, '1', NULL, '2020-02-09 21:51:31'),
(39, 7, 2, 0, '0', NULL, '2020-02-09 21:53:30'),
(40, 8, 2, 1, '1', NULL, '2020-02-09 21:55:12'),
(41, 9, 2, 0, '0', NULL, '2020-02-09 21:57:18'),
(42, 10, 2, 0, '1', NULL, '2020-02-09 21:59:24'),
(43, 11, 2, 1, '1', NULL, '2020-02-09 22:51:14'),
(44, 12, 2, 1, '0', NULL, '2020-02-09 23:16:05'),
(45, 13, 2, 1, '0', NULL, '2020-02-09 23:20:17'),
(46, 14, 2, 0, NULL, NULL, '2020-02-09 23:21:37'),
(47, 15, 2, 1, '0', NULL, '2020-02-09 23:24:01'),
(48, 16, 2, 0, NULL, NULL, NULL),
(49, 17, 2, 0, NULL, NULL, NULL),
(50, 18, 2, 0, NULL, NULL, NULL),
(51, 19, 2, 0, NULL, NULL, NULL),
(52, 20, 2, 0, '1', NULL, '2020-02-09 23:38:17'),
(53, 21, 2, 0, '0', NULL, '2020-02-09 23:40:45'),
(54, 22, 2, 0, '0', NULL, '2020-02-09 23:43:45'),
(55, 23, 2, 1, '1', NULL, '2020-02-09 23:45:46'),
(56, 24, 2, 0, '1', NULL, '2020-02-09 23:47:03'),
(57, 25, 2, 1, '1', NULL, '2020-02-10 04:24:01'),
(58, 26, 2, 1, '1', NULL, '2020-02-10 04:25:19'),
(59, 27, 2, 0, NULL, NULL, NULL),
(60, 28, 2, 0, '1', NULL, '2020-02-10 04:26:46'),
(61, 29, 2, 0, '1', NULL, '2020-02-10 04:27:59'),
(62, 30, 2, 1, '1', NULL, '2020-02-10 04:29:48'),
(63, 31, 2, 1, '0', NULL, '2020-02-10 04:31:05'),
(64, 32, 2, 1, '0', NULL, '2020-02-10 04:32:35'),
(65, 1, 3, 1, '1', NULL, '2020-02-09 19:18:07'),
(66, 2, 3, 1, '0', NULL, '2020-02-09 19:25:11'),
(67, 3, 3, 1, NULL, NULL, '2020-02-09 19:27:29'),
(68, 4, 3, 1, '1', NULL, '2020-02-09 21:47:04'),
(69, 5, 3, 1, '1', NULL, '2020-02-09 21:49:26'),
(70, 6, 3, 0, '1', NULL, '2020-02-09 21:51:31'),
(71, 7, 3, 0, '0', NULL, '2020-02-09 21:53:30'),
(72, 8, 3, 1, '1', NULL, '2020-02-09 21:55:12'),
(73, 9, 3, 0, '0', NULL, '2020-02-09 21:57:18'),
(74, 10, 3, 0, '1', NULL, '2020-02-09 21:59:24'),
(75, 11, 3, 1, '1', NULL, '2020-02-09 22:51:14'),
(76, 12, 3, 1, '0', NULL, '2020-02-09 23:16:05'),
(77, 13, 3, 1, '0', NULL, '2020-02-09 23:20:17'),
(78, 14, 3, 0, NULL, NULL, '2020-02-09 23:21:37'),
(79, 15, 3, 1, '0', NULL, '2020-02-09 23:24:02'),
(80, 16, 3, 0, NULL, NULL, NULL),
(81, 17, 3, 0, NULL, NULL, '2020-02-09 23:29:29'),
(82, 18, 3, 0, NULL, NULL, '2020-02-09 23:32:59'),
(83, 19, 3, 0, NULL, NULL, NULL),
(84, 20, 3, 0, '1', NULL, '2020-02-09 23:38:17'),
(85, 21, 3, 0, '0', NULL, '2020-02-09 23:40:45'),
(86, 22, 3, 0, '0', NULL, '2020-02-09 23:43:45'),
(87, 23, 3, 1, '1', NULL, '2020-02-09 23:45:46'),
(88, 24, 3, 0, '1', NULL, '2020-02-09 23:47:03'),
(89, 25, 3, 1, '1', NULL, '2020-02-10 04:24:01'),
(90, 26, 3, 1, '1', NULL, '2020-02-10 04:25:19'),
(91, 27, 3, 0, NULL, NULL, NULL),
(92, 28, 3, 0, '1', NULL, '2020-02-10 04:26:46'),
(93, 29, 3, 0, '1', NULL, '2020-02-10 04:27:59'),
(94, 30, 3, 1, '1', NULL, '2020-02-10 04:29:48'),
(95, 31, 3, 1, '0', NULL, '2020-02-10 04:31:05'),
(96, 32, 3, 1, '0', NULL, '2020-02-10 04:32:35'),
(97, 1, 4, 1, '1', NULL, '2020-02-09 19:18:07'),
(98, 2, 4, 1, '0', NULL, '2020-02-09 19:25:11'),
(99, 3, 4, 1, NULL, NULL, NULL),
(100, 4, 4, 1, '1', NULL, '2020-02-09 21:47:04'),
(101, 5, 4, 1, '1', NULL, '2020-02-09 21:49:26'),
(102, 6, 4, 0, '1', NULL, '2020-02-09 21:51:31'),
(103, 7, 4, 0, '0', NULL, '2020-02-09 21:53:30'),
(104, 8, 4, 1, '1', NULL, '2020-02-09 21:55:12'),
(105, 9, 4, 0, '0', NULL, '2020-02-09 21:57:18'),
(106, 10, 4, 0, '1', NULL, '2020-02-09 21:59:24'),
(107, 11, 4, 1, '1', NULL, '2020-02-09 22:51:14'),
(108, 12, 4, 1, '0', NULL, '2020-02-09 23:16:05'),
(109, 13, 4, 1, '0', NULL, '2020-02-09 23:20:17'),
(110, 14, 4, 0, NULL, NULL, '2020-02-09 23:21:37'),
(111, 15, 4, 1, '0', NULL, '2020-02-09 23:24:02'),
(112, 16, 4, 0, NULL, NULL, NULL),
(113, 17, 4, 0, NULL, NULL, NULL),
(114, 18, 4, 0, NULL, NULL, NULL),
(115, 19, 4, 0, NULL, NULL, '2020-02-09 23:35:28'),
(116, 20, 4, 0, '1', NULL, '2020-02-09 23:38:17'),
(117, 21, 4, 0, '0', NULL, '2020-02-09 23:40:45'),
(118, 22, 4, 0, '0', NULL, '2020-02-09 23:43:45'),
(119, 23, 4, 1, '1', NULL, '2020-02-09 23:45:46'),
(120, 24, 4, 0, '1', NULL, '2020-02-09 23:47:03'),
(121, 25, 4, 1, '1', NULL, '2020-02-10 04:24:02'),
(122, 26, 4, 1, '1', NULL, '2020-02-10 04:25:19'),
(123, 27, 4, 1, NULL, NULL, NULL),
(124, 28, 4, 0, '1', NULL, '2020-02-10 04:26:46'),
(125, 29, 4, 0, '1', NULL, '2020-02-10 04:27:59'),
(126, 30, 4, 1, '1', NULL, '2020-02-10 04:29:48'),
(127, 31, 4, 1, '0', NULL, '2020-02-10 04:31:05'),
(128, 32, 4, 1, '0', NULL, '2020-02-10 04:32:35'),
(129, 1, 5, 1, '1', NULL, '2020-02-09 19:18:07'),
(130, 2, 5, 1, '0', NULL, '2020-02-09 19:25:11'),
(131, 3, 5, 1, NULL, NULL, '2020-02-09 19:27:29'),
(132, 4, 5, 1, '1', NULL, '2020-02-09 21:47:04'),
(133, 5, 5, 0, '1', NULL, '2020-02-09 21:49:26'),
(134, 6, 5, 0, '1', NULL, '2020-02-09 21:51:31'),
(135, 7, 5, 0, '0', NULL, '2020-02-09 21:53:30'),
(136, 8, 5, 1, '1', NULL, '2020-02-09 21:55:12'),
(137, 9, 5, 0, '0', NULL, '2020-02-09 21:57:18'),
(138, 10, 5, 0, '1', NULL, '2020-02-09 21:59:24'),
(139, 11, 5, 1, '1', NULL, '2020-02-09 22:51:14'),
(140, 12, 5, 1, '0', NULL, '2020-02-09 23:16:05'),
(141, 13, 5, 1, '0', NULL, '2020-02-09 23:20:17'),
(142, 14, 5, 0, NULL, NULL, '2020-02-09 23:21:37'),
(143, 15, 5, 1, '0', NULL, '2020-02-09 23:24:02'),
(144, 16, 5, 0, NULL, NULL, '2020-02-09 23:27:05'),
(145, 17, 5, 0, NULL, NULL, '2020-02-09 23:29:29'),
(146, 18, 5, 0, NULL, NULL, NULL),
(147, 19, 5, 0, NULL, NULL, NULL),
(148, 20, 5, 0, '1', NULL, '2020-02-09 23:38:17'),
(149, 21, 5, 0, '0', NULL, '2020-02-09 23:40:45'),
(150, 22, 5, 0, '0', NULL, '2020-02-09 23:43:45'),
(151, 23, 5, 1, '1', NULL, '2020-02-09 23:45:46'),
(152, 24, 5, 0, '1', NULL, '2020-02-09 23:47:03'),
(153, 25, 5, 1, '1', NULL, '2020-02-10 04:24:02'),
(154, 26, 5, 1, '1', NULL, '2020-02-10 04:25:19'),
(155, 27, 5, 0, NULL, NULL, NULL),
(156, 28, 5, 0, '1', NULL, '2020-02-10 04:26:46'),
(157, 29, 5, 0, '1', NULL, '2020-02-10 04:27:59'),
(158, 30, 5, 1, '1', NULL, '2020-02-10 04:29:48'),
(159, 31, 5, 1, '0', NULL, '2020-02-10 04:31:05'),
(160, 32, 5, 1, '0', NULL, '2020-02-10 04:32:35'),
(161, 1, 6, 1, '1', NULL, '2020-02-09 19:18:07'),
(162, 2, 6, 1, '0', NULL, '2020-02-09 19:25:11'),
(163, 3, 6, 1, NULL, NULL, NULL),
(164, 4, 6, 1, '1', NULL, '2020-02-09 21:47:04'),
(165, 5, 6, 1, '1', NULL, '2020-02-09 21:49:26'),
(166, 6, 6, 0, '1', NULL, '2020-02-09 21:51:31'),
(167, 7, 6, 0, '0', NULL, '2020-02-09 21:53:30'),
(168, 8, 6, 1, '1', NULL, '2020-02-09 21:55:12'),
(169, 9, 6, 0, '0', NULL, '2020-02-09 21:57:18'),
(170, 10, 6, 0, '1', NULL, '2020-02-09 21:59:24'),
(171, 11, 6, 1, '1', NULL, '2020-02-09 22:51:14'),
(172, 12, 6, 1, '0', NULL, '2020-02-09 23:16:05'),
(173, 13, 6, 1, '0', NULL, '2020-02-09 23:20:17'),
(174, 14, 6, 0, NULL, NULL, NULL),
(175, 15, 6, 1, '0', NULL, '2020-02-09 23:24:02'),
(176, 16, 6, 0, NULL, NULL, '2020-02-09 23:27:05'),
(177, 17, 6, 0, NULL, NULL, NULL),
(178, 18, 6, 0, NULL, NULL, NULL),
(179, 19, 6, 0, NULL, NULL, NULL),
(180, 20, 6, 0, '1', NULL, '2020-02-09 23:38:17'),
(181, 21, 6, 0, '0', NULL, '2020-02-09 23:40:45'),
(182, 22, 6, 0, '0', NULL, '2020-02-09 23:43:45'),
(183, 23, 6, 1, '1', NULL, '2020-02-09 23:45:46'),
(184, 24, 6, 0, '1', NULL, '2020-02-09 23:47:03'),
(185, 25, 6, 1, '1', NULL, '2020-02-10 04:24:02'),
(186, 26, 6, 1, '1', NULL, '2020-02-10 04:25:19'),
(187, 27, 6, 1, NULL, NULL, NULL),
(188, 28, 6, 0, '1', NULL, '2020-02-10 04:26:46'),
(189, 29, 6, 0, '1', NULL, '2020-02-10 04:27:59'),
(190, 30, 6, 1, '1', NULL, '2020-02-10 04:29:48'),
(191, 31, 6, 1, '0', NULL, '2020-02-10 04:31:05'),
(192, 32, 6, 1, '0', NULL, '2020-02-10 04:32:35'),
(193, 1, 7, 1, '1', NULL, '2020-02-09 19:18:07'),
(194, 2, 7, 1, '0', NULL, '2020-02-09 19:25:11'),
(195, 3, 7, 1, NULL, NULL, NULL),
(196, 4, 7, 1, '1', NULL, '2020-02-09 21:47:04'),
(197, 5, 7, 1, '1', NULL, '2020-02-09 21:49:26'),
(198, 6, 7, 0, '1', NULL, '2020-02-09 21:51:31'),
(199, 7, 7, 0, '0', NULL, '2020-02-09 21:53:30'),
(200, 8, 7, 1, '1', NULL, '2020-02-09 21:55:12'),
(201, 9, 7, 0, '0', NULL, '2020-02-09 21:57:18'),
(202, 10, 7, 0, '1', NULL, '2020-02-09 21:59:24'),
(203, 11, 7, 1, '1', NULL, '2020-02-09 22:51:14'),
(204, 12, 7, 1, '0', NULL, '2020-02-09 23:16:05'),
(205, 13, 7, 1, '0', NULL, '2020-02-09 23:20:17'),
(206, 14, 7, 0, NULL, NULL, '2020-02-09 23:21:37'),
(207, 15, 7, 1, '0', NULL, '2020-02-09 23:24:02'),
(208, 16, 7, 0, NULL, NULL, '2020-02-09 23:27:05'),
(209, 17, 7, 0, NULL, NULL, NULL),
(210, 18, 7, 0, NULL, NULL, NULL),
(211, 19, 7, 0, NULL, NULL, '2020-02-09 23:35:28'),
(212, 20, 7, 0, '1', NULL, '2020-02-09 23:38:17'),
(213, 21, 7, 0, '0', NULL, '2020-02-09 23:40:45'),
(214, 22, 7, 0, '0', NULL, '2020-02-09 23:43:45'),
(215, 23, 7, 1, '1', NULL, '2020-02-09 23:45:46'),
(216, 24, 7, 0, '1', NULL, '2020-02-09 23:47:03'),
(217, 25, 7, 1, '1', NULL, '2020-02-10 04:24:02'),
(218, 26, 7, 1, '1', NULL, '2020-02-10 04:25:19'),
(219, 27, 7, 0, NULL, NULL, NULL),
(220, 28, 7, 0, '1', NULL, '2020-02-10 04:26:46'),
(221, 29, 7, 0, '1', NULL, '2020-02-10 04:27:59'),
(222, 30, 7, 1, '1', NULL, '2020-02-10 04:29:48'),
(223, 31, 7, 1, '0', NULL, '2020-02-10 04:31:05'),
(224, 32, 7, 1, '0', NULL, '2020-02-10 04:32:35'),
(225, 1, 8, 1, '1', NULL, '2020-02-09 19:18:07'),
(226, 2, 8, 1, '0', NULL, '2020-02-09 19:25:11'),
(227, 3, 8, 1, NULL, NULL, '2020-02-09 19:27:29'),
(228, 4, 8, 1, '1', NULL, '2020-02-09 21:47:04'),
(229, 5, 8, 1, '1', NULL, '2020-02-09 21:49:26'),
(230, 6, 8, 0, '1', NULL, '2020-02-09 21:51:31'),
(231, 7, 8, 0, '0', NULL, '2020-02-09 21:53:30'),
(232, 8, 8, 1, '1', NULL, '2020-02-09 21:55:12'),
(233, 9, 8, 0, '0', NULL, '2020-02-09 21:57:18'),
(234, 10, 8, 0, '1', NULL, '2020-02-09 21:59:24'),
(235, 11, 8, 1, '1', NULL, '2020-02-09 22:51:14'),
(236, 12, 8, 1, '0', NULL, '2020-02-09 23:16:05'),
(237, 13, 8, 1, '0', NULL, '2020-02-09 23:20:17'),
(238, 14, 8, 0, NULL, NULL, '2020-02-09 23:21:37'),
(239, 15, 8, 1, '0', NULL, '2020-02-09 23:24:02'),
(240, 16, 8, 0, NULL, NULL, '2020-02-09 23:27:05'),
(241, 17, 8, 0, NULL, NULL, NULL),
(242, 18, 8, 0, NULL, NULL, NULL),
(243, 19, 8, 0, NULL, NULL, NULL),
(244, 20, 8, 0, '1', NULL, '2020-02-09 23:38:17'),
(245, 21, 8, 0, '0', NULL, '2020-02-09 23:40:45'),
(246, 22, 8, 0, '0', NULL, '2020-02-09 23:43:45'),
(247, 23, 8, 1, '1', NULL, '2020-02-09 23:45:46'),
(248, 24, 8, 0, '1', NULL, '2020-02-09 23:47:03'),
(249, 25, 8, 1, '1', NULL, '2020-02-10 04:24:02'),
(250, 26, 8, 1, '1', NULL, '2020-02-10 04:25:19'),
(251, 27, 8, 1, NULL, NULL, NULL),
(252, 28, 8, 0, '1', NULL, '2020-02-10 04:26:46'),
(253, 29, 8, 0, '1', NULL, '2020-02-10 04:27:59'),
(254, 30, 8, 1, '1', NULL, '2020-02-10 04:29:48'),
(255, 31, 8, 1, '0', NULL, '2020-02-10 04:31:05'),
(256, 32, 8, 1, '0', NULL, '2020-02-10 04:32:35'),
(257, 1, 9, 1, '1', NULL, '2020-02-09 19:18:07'),
(258, 2, 9, 1, '0', NULL, '2020-02-09 19:25:11'),
(259, 3, 9, 1, NULL, NULL, '2020-02-09 19:27:29'),
(260, 4, 9, 1, '1', NULL, '2020-02-09 21:47:04'),
(261, 5, 9, 1, '1', NULL, '2020-02-09 21:49:26'),
(262, 6, 9, 0, '1', NULL, '2020-02-09 21:51:31'),
(263, 7, 9, 0, '0', NULL, '2020-02-09 21:53:30'),
(264, 8, 9, 1, '1', NULL, '2020-02-09 21:55:12'),
(265, 9, 9, 0, '0', NULL, '2020-02-09 21:57:18'),
(266, 10, 9, 0, '1', NULL, '2020-02-09 21:59:24'),
(267, 11, 9, 1, '1', NULL, '2020-02-09 22:51:14'),
(268, 12, 9, 1, '0', NULL, '2020-02-09 23:16:05'),
(269, 13, 9, 1, '0', NULL, '2020-02-09 23:20:17'),
(270, 14, 9, 0, NULL, NULL, '2020-02-09 23:21:37'),
(271, 15, 9, 1, '0', NULL, '2020-02-09 23:24:02'),
(272, 16, 9, 0, NULL, NULL, '2020-02-09 23:27:05'),
(273, 17, 9, 0, NULL, NULL, '2020-02-09 23:29:29'),
(274, 18, 9, 0, NULL, NULL, '2020-02-09 23:32:59'),
(275, 19, 9, 0, NULL, NULL, NULL),
(276, 20, 9, 0, '1', NULL, '2020-02-09 23:38:17'),
(277, 21, 9, 0, '0', NULL, '2020-02-09 23:40:45'),
(278, 22, 9, 0, '0', NULL, '2020-02-09 23:43:45'),
(279, 23, 9, 1, '1', NULL, '2020-02-09 23:45:46'),
(280, 24, 9, 0, '1', NULL, '2020-02-09 23:47:03'),
(281, 25, 9, 1, '1', NULL, '2020-02-10 04:24:02'),
(282, 26, 9, 1, '1', NULL, '2020-02-10 04:25:19'),
(283, 27, 9, 1, NULL, NULL, NULL),
(284, 28, 9, 0, '1', NULL, '2020-02-10 04:26:46'),
(285, 29, 9, 0, '1', NULL, '2020-02-10 04:27:59'),
(286, 30, 9, 1, '1', NULL, '2020-02-10 04:29:48'),
(287, 31, 9, 1, '0', NULL, '2020-02-10 04:31:05'),
(288, 32, 9, 1, '0', NULL, '2020-02-10 04:32:35'),
(289, 1, 10, 1, '1', NULL, '2020-02-09 19:18:07'),
(290, 2, 10, 1, '0', NULL, '2020-02-09 19:25:11'),
(291, 3, 10, 1, NULL, NULL, NULL),
(292, 4, 10, 1, '1', NULL, '2020-02-09 21:47:04'),
(293, 5, 10, 1, '1', NULL, '2020-02-09 21:49:26'),
(294, 6, 10, 0, '1', NULL, '2020-02-09 21:51:31'),
(295, 7, 10, 0, '0', NULL, '2020-02-09 21:53:30'),
(296, 8, 10, 1, '1', NULL, '2020-02-09 21:55:12'),
(297, 9, 10, 0, '0', NULL, '2020-02-09 21:57:18'),
(298, 10, 10, 0, '1', NULL, '2020-02-09 21:59:24'),
(299, 11, 10, 1, '1', NULL, '2020-02-09 22:51:14'),
(300, 12, 10, 1, '0', NULL, '2020-02-09 23:16:05'),
(301, 13, 10, 1, '0', NULL, '2020-02-09 23:20:17'),
(302, 14, 10, 0, NULL, NULL, NULL),
(303, 15, 10, 1, '0', NULL, '2020-02-09 23:24:02'),
(304, 16, 10, 0, NULL, NULL, NULL),
(305, 17, 10, 0, NULL, NULL, '2020-02-09 23:29:29'),
(306, 18, 10, 0, NULL, NULL, NULL),
(307, 19, 10, 0, NULL, NULL, NULL),
(308, 20, 10, 0, '1', NULL, '2020-02-09 23:38:17'),
(309, 21, 10, 0, '0', NULL, '2020-02-09 23:40:45'),
(310, 22, 10, 0, '0', NULL, '2020-02-09 23:43:45'),
(311, 23, 10, 1, '1', NULL, '2020-02-09 23:45:46'),
(312, 24, 10, 0, '1', NULL, '2020-02-09 23:47:03'),
(313, 25, 10, 1, '1', NULL, '2020-02-10 04:24:02'),
(314, 26, 10, 1, '1', NULL, '2020-02-10 04:25:19'),
(315, 27, 10, 0, NULL, NULL, NULL),
(316, 28, 10, 0, '1', NULL, '2020-02-10 04:26:46'),
(317, 29, 10, 0, '1', NULL, '2020-02-10 04:27:59'),
(318, 30, 10, 1, '1', NULL, '2020-02-10 04:29:48'),
(319, 31, 10, 1, '0', NULL, '2020-02-10 04:31:05'),
(320, 32, 10, 1, '0', NULL, '2020-02-10 04:32:35'),
(321, 1, 11, 1, '1', NULL, '2020-02-09 19:18:07'),
(322, 2, 11, 1, '0', NULL, '2020-02-09 19:25:11'),
(323, 3, 11, 1, NULL, NULL, '2020-02-09 19:27:29'),
(324, 4, 11, 1, '1', NULL, '2020-02-09 21:47:04'),
(325, 5, 11, 1, '1', NULL, '2020-02-09 21:49:26'),
(326, 6, 11, 0, '1', NULL, '2020-02-09 21:51:31'),
(327, 7, 11, 0, '0', NULL, '2020-02-09 21:53:30'),
(328, 8, 11, 1, '1', NULL, '2020-02-09 21:55:12'),
(329, 9, 11, 0, '0', NULL, '2020-02-09 21:57:18'),
(330, 10, 11, 0, '1', NULL, '2020-02-09 21:59:24'),
(331, 11, 11, 1, '1', NULL, '2020-02-09 22:51:14'),
(332, 12, 11, 1, '0', NULL, '2020-02-09 23:16:05'),
(333, 13, 11, 1, '0', NULL, '2020-02-09 23:20:17'),
(334, 14, 11, 0, NULL, NULL, NULL),
(335, 15, 11, 1, '0', NULL, '2020-02-09 23:24:02'),
(336, 16, 11, 0, NULL, NULL, NULL),
(337, 17, 11, 0, NULL, NULL, '2020-02-09 23:29:29'),
(338, 18, 11, 0, NULL, NULL, '2020-02-09 23:32:59'),
(339, 19, 11, 0, NULL, NULL, NULL),
(340, 20, 11, 0, '1', NULL, '2020-02-09 23:38:17'),
(341, 21, 11, 0, '0', NULL, '2020-02-09 23:40:45'),
(342, 22, 11, 0, '0', NULL, '2020-02-09 23:43:45'),
(343, 23, 11, 1, '1', NULL, '2020-02-09 23:45:46'),
(344, 24, 11, 0, '1', NULL, '2020-02-09 23:47:03'),
(345, 25, 11, 1, '1', NULL, '2020-02-10 04:24:02'),
(346, 26, 11, 1, '1', NULL, '2020-02-10 04:25:19'),
(347, 27, 11, 0, NULL, NULL, NULL),
(348, 28, 11, 0, '1', NULL, '2020-02-10 04:26:46'),
(349, 29, 11, 0, '1', NULL, '2020-02-10 04:27:59'),
(350, 30, 11, 1, '1', NULL, '2020-02-10 04:29:49'),
(351, 31, 11, 1, '0', NULL, '2020-02-10 04:31:05'),
(352, 32, 11, 1, '0', NULL, '2020-02-10 04:32:35'),
(353, 1, 12, 1, '1', NULL, '2020-02-09 19:18:07'),
(354, 2, 12, 1, '0', NULL, '2020-02-09 19:25:11'),
(355, 3, 12, 1, NULL, NULL, NULL),
(356, 4, 12, 1, '1', NULL, '2020-02-09 21:47:04'),
(357, 5, 12, 1, '1', NULL, '2020-02-09 21:49:26'),
(358, 6, 12, 0, '1', NULL, '2020-02-09 21:51:31'),
(359, 7, 12, 0, '0', NULL, '2020-02-09 21:53:30'),
(360, 8, 12, 1, '1', NULL, '2020-02-09 21:55:12'),
(361, 9, 12, 0, '0', NULL, '2020-02-09 21:57:18'),
(362, 10, 12, 0, '1', NULL, '2020-02-09 21:59:24'),
(363, 11, 12, 1, '1', NULL, '2020-02-09 22:51:14'),
(364, 12, 12, 1, '0', NULL, '2020-02-09 23:16:05'),
(365, 13, 12, 1, '0', NULL, '2020-02-09 23:20:17'),
(366, 14, 12, 0, NULL, NULL, NULL),
(367, 15, 12, 1, '0', NULL, '2020-02-09 23:24:02'),
(368, 16, 12, 0, NULL, NULL, '2020-02-09 23:27:05'),
(369, 17, 12, 0, NULL, NULL, NULL),
(370, 18, 12, 0, NULL, NULL, NULL),
(371, 19, 12, 0, NULL, NULL, NULL),
(372, 20, 12, 0, '1', NULL, '2020-02-09 23:38:17'),
(373, 21, 12, 0, '0', NULL, '2020-02-09 23:40:45'),
(374, 22, 12, 0, '0', NULL, '2020-02-09 23:43:45'),
(375, 23, 12, 1, '1', NULL, '2020-02-09 23:45:46'),
(376, 24, 12, 0, '1', NULL, '2020-02-09 23:47:03'),
(377, 25, 12, 1, '1', NULL, '2020-02-10 04:24:02'),
(378, 26, 12, 1, '1', NULL, '2020-02-10 04:25:19'),
(379, 27, 12, 0, NULL, NULL, NULL),
(380, 28, 12, 0, '1', NULL, '2020-02-10 04:26:46'),
(381, 29, 12, 0, '1', NULL, '2020-02-10 04:27:59'),
(382, 30, 12, 1, '1', NULL, '2020-02-10 04:29:49'),
(383, 31, 12, 1, '0', NULL, '2020-02-10 04:31:05'),
(384, 32, 12, 1, '0', NULL, '2020-02-10 04:32:35'),
(385, 1, 13, 1, '1', NULL, '2020-02-09 19:18:07'),
(386, 2, 13, 1, '0', NULL, '2020-02-09 19:25:11'),
(387, 3, 13, 1, NULL, NULL, NULL),
(388, 4, 13, 1, '1', NULL, '2020-02-09 21:47:04'),
(389, 5, 13, 1, '1', NULL, '2020-02-09 21:49:26'),
(390, 6, 13, 0, '1', NULL, '2020-02-09 21:51:31'),
(391, 7, 13, 0, '0', NULL, '2020-02-09 21:53:30'),
(392, 8, 13, 1, '1', NULL, '2020-02-09 21:55:12'),
(393, 9, 13, 0, '0', NULL, '2020-02-09 21:57:18'),
(394, 10, 13, 0, '1', NULL, '2020-02-09 21:59:24'),
(395, 11, 13, 1, '1', NULL, '2020-02-09 22:51:14'),
(396, 12, 13, 1, '0', NULL, '2020-02-09 23:16:05'),
(397, 13, 13, 1, '0', NULL, '2020-02-09 23:20:17'),
(398, 14, 13, 0, NULL, NULL, NULL),
(399, 15, 13, 1, '0', NULL, '2020-02-09 23:24:02'),
(400, 16, 13, 0, NULL, NULL, NULL),
(401, 17, 13, 0, NULL, NULL, NULL),
(402, 18, 13, 0, NULL, NULL, NULL),
(403, 19, 13, 0, NULL, NULL, '2020-02-09 23:35:28'),
(404, 20, 13, 0, '1', NULL, '2020-02-09 23:38:17'),
(405, 21, 13, 0, '0', NULL, '2020-02-09 23:40:45'),
(406, 22, 13, 0, '0', NULL, '2020-02-09 23:43:45'),
(407, 23, 13, 1, '1', NULL, '2020-02-09 23:45:46'),
(408, 24, 13, 0, '1', NULL, '2020-02-09 23:47:03'),
(409, 25, 13, 1, '1', NULL, '2020-02-10 04:24:02'),
(410, 26, 13, 1, '1', NULL, '2020-02-10 04:25:19'),
(411, 27, 13, 1, NULL, NULL, NULL),
(412, 28, 13, 0, '1', NULL, '2020-02-10 04:26:46'),
(413, 29, 13, 0, '1', NULL, '2020-02-10 04:27:59'),
(414, 30, 13, 1, '1', NULL, '2020-02-10 04:29:49'),
(415, 31, 13, 1, '0', NULL, '2020-02-10 04:31:05'),
(416, 32, 13, 1, '0', NULL, '2020-02-10 04:32:35'),
(417, 1, 14, 1, '1', NULL, '2020-02-09 19:18:07'),
(418, 2, 14, 1, '0', NULL, '2020-02-09 19:25:11'),
(419, 3, 14, 1, NULL, NULL, '2020-02-09 19:27:29'),
(420, 4, 14, 1, '1', NULL, '2020-02-09 21:47:04'),
(421, 5, 14, 1, '1', NULL, '2020-02-09 21:49:26'),
(422, 6, 14, 0, '1', NULL, '2020-02-09 21:51:31'),
(423, 7, 14, 0, '0', NULL, '2020-02-09 21:53:30'),
(424, 8, 14, 1, '1', NULL, '2020-02-09 21:55:12'),
(425, 9, 14, 0, '0', NULL, '2020-02-09 21:57:18'),
(426, 10, 14, 0, '1', NULL, '2020-02-09 21:59:24'),
(427, 11, 14, 1, '1', NULL, '2020-02-09 22:51:15'),
(428, 12, 14, 1, '0', NULL, '2020-02-09 23:16:05'),
(429, 13, 14, 1, '0', NULL, '2020-02-09 23:20:17'),
(430, 14, 14, 0, NULL, NULL, NULL),
(431, 15, 14, 1, '0', NULL, '2020-02-09 23:24:02'),
(432, 16, 14, 0, NULL, NULL, NULL),
(433, 17, 14, 0, NULL, NULL, NULL),
(434, 18, 14, 0, NULL, NULL, NULL),
(435, 19, 14, 0, NULL, NULL, '2020-02-09 23:35:28'),
(436, 20, 14, 0, '1', NULL, '2020-02-09 23:38:17'),
(437, 21, 14, 0, '0', NULL, '2020-02-09 23:40:45'),
(438, 22, 14, 0, '0', NULL, '2020-02-09 23:43:45'),
(439, 23, 14, 1, '1', NULL, '2020-02-09 23:45:46'),
(440, 24, 14, 0, '1', NULL, '2020-02-09 23:47:03'),
(441, 25, 14, 1, '1', NULL, '2020-02-10 04:24:02'),
(442, 26, 14, 1, '1', NULL, '2020-02-10 04:25:19'),
(443, 27, 14, 1, NULL, NULL, NULL),
(444, 28, 14, 0, '1', NULL, '2020-02-10 04:26:46'),
(445, 29, 14, 0, '1', NULL, '2020-02-10 04:27:59'),
(446, 30, 14, 1, '1', NULL, '2020-02-10 04:29:49'),
(447, 31, 14, 1, '0', NULL, '2020-02-10 04:31:05'),
(448, 32, 14, 1, '0', NULL, '2020-02-10 04:32:35'),
(449, 1, 15, 1, '1', NULL, '2020-02-09 19:18:07'),
(450, 2, 15, 1, '0', NULL, '2020-02-09 19:25:11'),
(451, 3, 15, 1, NULL, NULL, '2020-02-09 19:27:29'),
(452, 4, 15, 1, '1', NULL, '2020-02-09 21:47:04'),
(453, 5, 15, 1, '1', NULL, '2020-02-09 21:49:26'),
(454, 6, 15, 0, '1', NULL, '2020-02-09 21:51:31'),
(455, 7, 15, 0, '0', NULL, '2020-02-09 21:53:30'),
(456, 8, 15, 1, '1', NULL, '2020-02-09 21:55:12'),
(457, 9, 15, 0, '0', NULL, '2020-02-09 21:57:18'),
(458, 10, 15, 0, '1', NULL, '2020-02-09 21:59:24'),
(459, 11, 15, 1, '1', NULL, '2020-02-09 22:51:15'),
(460, 12, 15, 1, '0', NULL, '2020-02-09 23:16:05'),
(461, 13, 15, 1, '0', NULL, '2020-02-09 23:20:17'),
(462, 14, 15, 0, NULL, NULL, '2020-02-09 23:21:37'),
(463, 15, 15, 1, '0', NULL, '2020-02-09 23:24:02'),
(464, 16, 15, 0, NULL, NULL, NULL),
(465, 17, 15, 0, NULL, NULL, NULL),
(466, 18, 15, 0, NULL, NULL, '2020-02-09 23:32:59'),
(467, 19, 15, 0, NULL, NULL, NULL),
(468, 20, 15, 0, '1', NULL, '2020-02-09 23:38:17'),
(469, 21, 15, 0, '0', NULL, '2020-02-09 23:40:45'),
(470, 22, 15, 0, '0', NULL, '2020-02-09 23:43:45'),
(471, 23, 15, 1, '1', NULL, '2020-02-09 23:45:46'),
(472, 24, 15, 0, '1', NULL, '2020-02-09 23:47:03'),
(473, 25, 15, 1, '1', NULL, '2020-02-10 04:24:02'),
(474, 26, 15, 1, '1', NULL, '2020-02-10 04:25:19'),
(475, 27, 15, 1, NULL, NULL, NULL),
(476, 28, 15, 0, '1', NULL, '2020-02-10 04:26:47'),
(477, 29, 15, 0, '1', NULL, '2020-02-10 04:27:59'),
(478, 30, 15, 1, '1', NULL, '2020-02-10 04:29:49'),
(479, 31, 15, 1, '0', NULL, '2020-02-10 04:31:05'),
(480, 32, 15, 1, '0', NULL, '2020-02-10 04:32:35'),
(481, 1, 16, 1, '1', NULL, '2020-02-09 19:18:07'),
(482, 2, 16, 1, '0', NULL, '2020-02-09 19:25:11'),
(483, 3, 16, 1, NULL, NULL, '2020-02-09 19:27:29'),
(484, 4, 16, 1, '1', NULL, '2020-02-09 21:47:04'),
(485, 5, 16, 1, '1', NULL, '2020-02-09 21:49:26'),
(486, 6, 16, 0, '1', NULL, '2020-02-09 21:51:31'),
(487, 7, 16, 0, '0', NULL, '2020-02-09 21:53:30'),
(488, 8, 16, 1, '1', NULL, '2020-02-09 21:55:12'),
(489, 9, 16, 0, '0', NULL, '2020-02-09 21:57:18'),
(490, 10, 16, 0, '1', NULL, '2020-02-09 21:59:24'),
(491, 11, 16, 1, '1', NULL, '2020-02-09 22:51:15'),
(492, 12, 16, 1, '0', NULL, '2020-02-09 23:16:05'),
(493, 13, 16, 1, '0', NULL, '2020-02-09 23:20:17'),
(494, 14, 16, 0, NULL, NULL, '2020-02-09 23:21:37'),
(495, 15, 16, 1, '0', NULL, '2020-02-09 23:24:02'),
(496, 16, 16, 0, NULL, NULL, '2020-02-09 23:27:05'),
(497, 17, 16, 0, NULL, NULL, '2020-02-09 23:29:29'),
(498, 18, 16, 0, NULL, NULL, NULL),
(499, 19, 16, 0, NULL, NULL, '2020-02-09 23:35:28'),
(500, 20, 16, 0, '1', NULL, '2020-02-09 23:38:17'),
(501, 21, 16, 0, '0', NULL, '2020-02-09 23:40:45'),
(502, 22, 16, 0, '0', NULL, '2020-02-09 23:43:45'),
(503, 23, 16, 1, '1', NULL, '2020-02-09 23:45:46'),
(504, 24, 16, 0, '1', NULL, '2020-02-09 23:47:03'),
(505, 25, 16, 1, '1', NULL, '2020-02-10 04:24:02'),
(506, 26, 16, 1, '1', NULL, '2020-02-10 04:25:19'),
(507, 27, 16, 0, NULL, NULL, NULL),
(508, 28, 16, 0, '1', NULL, '2020-02-10 04:26:47'),
(509, 29, 16, 0, '1', NULL, '2020-02-10 04:27:59'),
(510, 30, 16, 1, '1', NULL, '2020-02-10 04:29:49'),
(511, 31, 16, 1, '0', NULL, '2020-02-10 04:31:05'),
(512, 32, 16, 1, '0', NULL, '2020-02-10 04:32:35'),
(513, 1, 17, 1, '1', NULL, '2020-02-09 19:18:07'),
(514, 2, 17, 1, '0', NULL, '2020-02-09 19:25:11'),
(515, 3, 17, 1, NULL, NULL, NULL),
(516, 4, 17, 1, '1', NULL, '2020-02-09 21:47:04'),
(517, 5, 17, 1, '1', NULL, '2020-02-09 21:49:26'),
(518, 6, 17, 0, '1', NULL, '2020-02-09 21:51:31'),
(519, 7, 17, 0, '0', NULL, '2020-02-09 21:53:30'),
(520, 8, 17, 1, '1', NULL, '2020-02-09 21:55:12'),
(521, 9, 17, 0, '0', NULL, '2020-02-09 21:57:18'),
(522, 10, 17, 0, '1', NULL, '2020-02-09 21:59:24'),
(523, 11, 17, 1, '1', NULL, '2020-02-09 22:51:15'),
(524, 12, 17, 1, '0', NULL, '2020-02-09 23:16:05'),
(525, 13, 17, 1, '0', NULL, '2020-02-09 23:20:17'),
(526, 14, 17, 0, NULL, NULL, NULL),
(527, 15, 17, 1, '0', NULL, '2020-02-09 23:24:02'),
(528, 16, 17, 0, NULL, NULL, '2020-02-09 23:27:05'),
(529, 17, 17, 0, NULL, NULL, NULL),
(530, 18, 17, 0, NULL, NULL, NULL),
(531, 19, 17, 0, NULL, NULL, '2020-02-09 23:35:28'),
(532, 20, 17, 0, '1', NULL, '2020-02-09 23:38:17'),
(533, 21, 17, 0, '0', NULL, '2020-02-09 23:40:45'),
(534, 22, 17, 0, '0', NULL, '2020-02-09 23:43:45'),
(535, 23, 17, 1, '1', NULL, '2020-02-09 23:45:46'),
(536, 24, 17, 0, '1', NULL, '2020-02-09 23:47:03'),
(537, 25, 17, 1, '1', NULL, '2020-02-10 04:24:02'),
(538, 26, 17, 1, '1', NULL, '2020-02-10 04:25:19'),
(539, 27, 17, 0, NULL, NULL, NULL),
(540, 28, 17, 0, '1', NULL, '2020-02-10 04:26:47'),
(541, 29, 17, 0, '1', NULL, '2020-02-10 04:27:59'),
(542, 30, 17, 1, '1', NULL, '2020-02-10 04:29:49'),
(543, 31, 17, 1, '0', NULL, '2020-02-10 04:31:05'),
(544, 32, 17, 1, '0', NULL, '2020-02-10 04:32:35'),
(545, 1, 18, 1, '1', NULL, '2020-02-09 19:18:07'),
(546, 2, 18, 1, '0', NULL, '2020-02-09 19:25:11'),
(547, 3, 18, 1, NULL, NULL, '2020-02-09 19:27:30'),
(548, 4, 18, 1, '1', NULL, '2020-02-09 21:47:04'),
(549, 5, 18, 1, '1', NULL, '2020-02-09 21:49:26'),
(550, 6, 18, 0, '1', NULL, '2020-02-09 21:51:31'),
(551, 7, 18, 0, '0', NULL, '2020-02-09 21:53:30'),
(552, 8, 18, 1, '1', NULL, '2020-02-09 21:55:12'),
(553, 9, 18, 0, '0', NULL, '2020-02-09 21:57:18'),
(554, 10, 18, 0, '1', NULL, '2020-02-09 21:59:24'),
(555, 11, 18, 1, '1', NULL, '2020-02-09 22:51:15'),
(556, 12, 18, 1, '0', NULL, '2020-02-09 23:16:05'),
(557, 13, 18, 1, '0', NULL, '2020-02-09 23:20:17'),
(558, 14, 18, 0, NULL, NULL, NULL),
(559, 15, 18, 1, '0', NULL, '2020-02-09 23:24:02'),
(560, 16, 18, 0, NULL, NULL, '2020-02-09 23:27:05'),
(561, 17, 18, 0, NULL, NULL, '2020-02-09 23:29:29'),
(562, 18, 18, 0, NULL, NULL, NULL),
(563, 19, 18, 0, NULL, NULL, '2020-02-09 23:35:28'),
(564, 20, 18, 0, '1', NULL, '2020-02-09 23:38:17'),
(565, 21, 18, 0, '0', NULL, '2020-02-09 23:40:45'),
(566, 22, 18, 0, '0', NULL, '2020-02-09 23:43:45'),
(567, 23, 18, 1, '1', NULL, '2020-02-09 23:45:46'),
(568, 24, 18, 0, '1', NULL, '2020-02-09 23:47:03'),
(569, 25, 18, 1, '1', NULL, '2020-02-10 04:24:02'),
(570, 26, 18, 1, '1', NULL, '2020-02-10 04:25:19'),
(571, 27, 18, 0, NULL, NULL, NULL),
(572, 28, 18, 0, '1', NULL, '2020-02-10 04:26:47'),
(573, 29, 18, 0, '1', NULL, '2020-02-10 04:27:59'),
(574, 30, 18, 1, '1', NULL, '2020-02-10 04:29:49'),
(575, 31, 18, 1, '0', NULL, '2020-02-10 04:31:05'),
(576, 32, 18, 1, '0', NULL, '2020-02-10 04:32:35'),
(577, 1, 19, 1, '1', NULL, '2020-02-09 19:18:07'),
(578, 2, 19, 1, '0', NULL, '2020-02-09 19:25:11'),
(579, 3, 19, 1, NULL, NULL, '2020-02-09 19:27:30'),
(580, 4, 19, 1, '1', NULL, '2020-02-09 21:47:04'),
(581, 5, 19, 1, '1', NULL, '2020-02-09 21:49:26'),
(582, 6, 19, 0, '1', NULL, '2020-02-09 21:51:31'),
(583, 7, 19, 0, '0', NULL, '2020-02-09 21:53:30'),
(584, 8, 19, 1, '1', NULL, '2020-02-09 21:55:12'),
(585, 9, 19, 0, '0', NULL, '2020-02-09 21:57:18'),
(586, 10, 19, 0, '1', NULL, '2020-02-09 21:59:24'),
(587, 11, 19, 1, '1', NULL, '2020-02-09 22:51:15'),
(588, 12, 19, 1, '0', NULL, '2020-02-09 23:16:05'),
(589, 13, 19, 1, '0', NULL, '2020-02-09 23:20:17'),
(590, 14, 19, 0, NULL, NULL, NULL),
(591, 15, 19, 1, '0', NULL, '2020-02-09 23:24:02'),
(592, 16, 19, 0, NULL, NULL, NULL),
(593, 17, 19, 0, NULL, NULL, '2020-02-09 23:29:29'),
(594, 18, 19, 0, NULL, NULL, NULL),
(595, 19, 19, 0, NULL, NULL, '2020-02-09 23:35:28'),
(596, 20, 19, 0, '1', NULL, '2020-02-09 23:38:17'),
(597, 21, 19, 0, '0', NULL, '2020-02-09 23:40:45'),
(598, 22, 19, 0, '0', NULL, '2020-02-09 23:43:45'),
(599, 23, 19, 1, '1', NULL, '2020-02-09 23:45:46'),
(600, 24, 19, 0, '1', NULL, '2020-02-09 23:47:03'),
(601, 25, 19, 1, '1', NULL, '2020-02-10 04:24:02'),
(602, 26, 19, 1, '1', NULL, '2020-02-10 04:25:19'),
(603, 27, 19, 1, NULL, NULL, NULL),
(604, 28, 19, 0, '1', NULL, '2020-02-10 04:26:47'),
(605, 29, 19, 0, '1', NULL, '2020-02-10 04:27:59'),
(606, 30, 19, 1, '1', NULL, '2020-02-10 04:29:49'),
(607, 31, 19, 1, '0', NULL, '2020-02-10 04:31:05'),
(608, 32, 19, 1, '0', NULL, '2020-02-10 04:32:35'),
(609, 1, 20, 1, '1', NULL, '2020-02-09 19:18:07'),
(610, 2, 20, 1, '0', NULL, '2020-02-09 19:25:11'),
(611, 3, 20, 1, NULL, NULL, NULL),
(612, 4, 20, 1, '1', NULL, '2020-02-09 21:47:04'),
(613, 5, 20, 1, '1', NULL, '2020-02-09 21:49:26'),
(614, 6, 20, 0, '1', NULL, '2020-02-09 21:51:31'),
(615, 7, 20, 0, '0', NULL, '2020-02-09 21:53:30'),
(616, 8, 20, 1, '1', NULL, '2020-02-09 21:55:12'),
(617, 9, 20, 0, '0', NULL, '2020-02-09 21:57:18'),
(618, 10, 20, 0, '1', NULL, '2020-02-09 21:59:24'),
(619, 11, 20, 1, '1', NULL, '2020-02-09 22:51:15'),
(620, 12, 20, 1, '0', NULL, '2020-02-09 23:16:05'),
(621, 13, 20, 1, '0', NULL, '2020-02-09 23:20:17'),
(622, 14, 20, 0, NULL, NULL, NULL),
(623, 15, 20, 1, '0', NULL, '2020-02-09 23:24:02'),
(624, 16, 20, 0, NULL, NULL, NULL),
(625, 17, 20, 0, NULL, NULL, NULL),
(626, 18, 20, 0, NULL, NULL, NULL),
(627, 19, 20, 0, NULL, NULL, '2020-02-09 23:35:28'),
(628, 20, 20, 0, '1', NULL, '2020-02-09 23:38:17'),
(629, 21, 20, 0, '0', NULL, '2020-02-09 23:40:46'),
(630, 22, 20, 0, '0', NULL, '2020-02-09 23:43:45'),
(631, 23, 20, 1, '1', NULL, '2020-02-09 23:45:46'),
(632, 24, 20, 0, '1', NULL, '2020-02-09 23:47:03'),
(633, 25, 20, 1, '1', NULL, '2020-02-10 04:24:02'),
(634, 26, 20, 1, '1', NULL, '2020-02-10 04:25:19'),
(635, 27, 20, 1, NULL, NULL, NULL),
(636, 28, 20, 0, '1', NULL, '2020-02-10 04:26:47'),
(637, 29, 20, 0, '1', NULL, '2020-02-10 04:27:59'),
(638, 30, 20, 1, '1', NULL, '2020-02-10 04:29:49'),
(639, 31, 20, 1, '0', NULL, '2020-02-10 04:31:05'),
(640, 32, 20, 1, '0', NULL, '2020-02-10 04:32:35'),
(641, 1, 21, 1, '1', NULL, '2020-02-09 19:18:07'),
(642, 2, 21, 1, '0', NULL, '2020-02-09 19:25:11'),
(643, 3, 21, 1, NULL, NULL, '2020-02-09 19:27:30'),
(644, 4, 21, 1, '1', NULL, '2020-02-09 21:47:04'),
(645, 5, 21, 1, '1', NULL, '2020-02-09 21:49:26'),
(646, 6, 21, 0, '1', NULL, '2020-02-09 21:51:31'),
(647, 7, 21, 0, '0', NULL, '2020-02-09 21:53:30'),
(648, 8, 21, 1, '1', NULL, '2020-02-09 21:55:12'),
(649, 9, 21, 0, '0', NULL, '2020-02-09 21:57:18'),
(650, 10, 21, 0, '1', NULL, '2020-02-09 21:59:24'),
(651, 11, 21, 1, '1', NULL, '2020-02-09 22:51:15'),
(652, 12, 21, 1, '0', NULL, '2020-02-09 23:16:05'),
(653, 13, 21, 1, '0', NULL, '2020-02-09 23:20:17'),
(654, 14, 21, 0, NULL, NULL, '2020-02-09 23:21:37'),
(655, 15, 21, 1, '0', NULL, '2020-02-09 23:24:02'),
(656, 16, 21, 0, NULL, NULL, '2020-02-09 23:27:05'),
(657, 17, 21, 0, NULL, NULL, '2020-02-09 23:29:29'),
(658, 18, 21, 0, NULL, NULL, NULL),
(659, 19, 21, 0, NULL, NULL, '2020-02-09 23:35:28'),
(660, 20, 21, 0, '1', NULL, '2020-02-09 23:38:17'),
(661, 21, 21, 0, '0', NULL, '2020-02-09 23:40:46'),
(662, 22, 21, 0, '0', NULL, '2020-02-09 23:43:45'),
(663, 23, 21, 1, '1', NULL, '2020-02-09 23:45:46'),
(664, 24, 21, 0, '1', NULL, '2020-02-09 23:47:03'),
(665, 25, 21, 1, '1', NULL, '2020-02-10 04:24:02'),
(666, 26, 21, 1, '1', NULL, '2020-02-10 04:25:19'),
(667, 27, 21, 0, NULL, NULL, NULL),
(668, 28, 21, 0, '1', NULL, '2020-02-10 04:26:47'),
(669, 29, 21, 0, '1', NULL, '2020-02-10 04:27:59'),
(670, 30, 21, 1, '1', NULL, '2020-02-10 04:29:49'),
(671, 31, 21, 1, '0', NULL, '2020-02-10 04:31:05'),
(672, 32, 21, 1, '0', NULL, '2020-02-10 04:32:35'),
(673, 1, 22, 1, '1', NULL, '2020-02-09 19:18:07'),
(674, 2, 22, 1, '0', NULL, '2020-02-09 19:25:11'),
(675, 3, 22, 1, NULL, NULL, NULL),
(676, 4, 22, 1, '1', NULL, '2020-02-09 21:47:04'),
(677, 5, 22, 1, '1', NULL, '2020-02-09 21:49:26'),
(678, 6, 22, 0, '1', NULL, '2020-02-09 21:51:31'),
(679, 7, 22, 0, '0', NULL, '2020-02-09 21:53:30'),
(680, 8, 22, 1, '1', NULL, '2020-02-09 21:55:12'),
(681, 9, 22, 0, '0', NULL, '2020-02-09 21:57:18'),
(682, 10, 22, 0, '1', NULL, '2020-02-09 21:59:24'),
(683, 11, 22, 1, '1', NULL, '2020-02-09 22:51:15'),
(684, 12, 22, 1, '0', NULL, '2020-02-09 23:16:05'),
(685, 13, 22, 1, '0', NULL, '2020-02-09 23:20:17'),
(686, 14, 22, 0, NULL, NULL, NULL),
(687, 15, 22, 1, '0', NULL, '2020-02-09 23:24:02'),
(688, 16, 22, 0, NULL, NULL, NULL),
(689, 17, 22, 0, NULL, NULL, '2020-02-09 23:29:29'),
(690, 18, 22, 0, NULL, NULL, '2020-02-09 23:32:59'),
(691, 19, 22, 0, NULL, NULL, '2020-02-09 23:35:28'),
(692, 20, 22, 0, '1', NULL, '2020-02-09 23:38:17'),
(693, 21, 22, 0, '0', NULL, '2020-02-09 23:40:46'),
(694, 22, 22, 0, '0', NULL, '2020-02-09 23:43:45'),
(695, 23, 22, 1, '1', NULL, '2020-02-09 23:45:46'),
(696, 24, 22, 0, '1', NULL, '2020-02-09 23:47:03'),
(697, 25, 22, 1, '1', NULL, '2020-02-10 04:24:02'),
(698, 26, 22, 1, '1', NULL, '2020-02-10 04:25:19'),
(699, 27, 22, 0, NULL, NULL, NULL),
(700, 28, 22, 0, '1', NULL, '2020-02-10 04:26:47'),
(701, 29, 22, 0, '1', NULL, '2020-02-10 04:27:59'),
(702, 30, 22, 1, '1', NULL, '2020-02-10 04:29:49'),
(703, 31, 22, 1, '0', NULL, '2020-02-10 04:31:05'),
(704, 32, 22, 1, '0', NULL, '2020-02-10 04:32:35'),
(705, 1, 23, 1, '1', NULL, '2020-02-09 19:18:07'),
(706, 2, 23, 1, '0', NULL, '2020-02-09 19:25:11'),
(707, 3, 23, 1, NULL, NULL, '2020-02-09 19:27:30'),
(708, 4, 23, 1, '1', NULL, '2020-02-09 21:47:04'),
(709, 5, 23, 1, '1', NULL, '2020-02-09 21:49:26'),
(710, 6, 23, 0, '1', NULL, '2020-02-09 21:51:31'),
(711, 7, 23, 0, '0', NULL, '2020-02-09 21:53:30'),
(712, 8, 23, 1, '1', NULL, '2020-02-09 21:55:12'),
(713, 9, 23, 0, '0', NULL, '2020-02-09 21:57:18'),
(714, 10, 23, 0, '1', NULL, '2020-02-09 21:59:24'),
(715, 11, 23, 1, '1', NULL, '2020-02-09 22:51:15'),
(716, 12, 23, 1, '0', NULL, '2020-02-09 23:16:05'),
(717, 13, 23, 1, '0', NULL, '2020-02-09 23:20:17'),
(718, 14, 23, 0, NULL, NULL, NULL),
(719, 15, 23, 1, '0', NULL, '2020-02-09 23:24:02'),
(720, 16, 23, 0, NULL, NULL, '2020-02-09 23:27:05'),
(721, 17, 23, 0, NULL, NULL, NULL),
(722, 18, 23, 0, NULL, NULL, '2020-02-09 23:32:59'),
(723, 19, 23, 0, NULL, NULL, NULL),
(724, 20, 23, 1, '1', NULL, '2020-02-09 23:38:17'),
(725, 21, 23, 0, '0', NULL, '2020-02-09 23:40:46'),
(726, 22, 23, 0, '0', NULL, '2020-02-09 23:43:45'),
(727, 23, 23, 1, '1', NULL, '2020-02-09 23:45:46'),
(728, 24, 23, 0, '1', NULL, '2020-02-09 23:47:03'),
(729, 25, 23, 1, '1', NULL, '2020-02-10 04:24:02'),
(730, 26, 23, 1, '1', NULL, '2020-02-10 04:25:19'),
(731, 27, 23, 0, NULL, NULL, NULL),
(732, 28, 23, 0, '1', NULL, '2020-02-10 04:26:47'),
(733, 29, 23, 0, '1', NULL, '2020-02-10 04:27:59'),
(734, 30, 23, 1, '1', NULL, '2020-02-10 04:29:49'),
(735, 31, 23, 1, '0', NULL, '2020-02-10 04:31:05'),
(736, 32, 23, 1, '0', NULL, '2020-02-10 04:32:35'),
(737, 1, 24, 1, '1', NULL, '2020-02-09 19:18:07'),
(738, 2, 24, 1, '0', NULL, '2020-02-09 19:25:11'),
(739, 3, 24, 1, NULL, NULL, NULL),
(740, 4, 24, 1, '1', NULL, '2020-02-09 21:47:04'),
(741, 5, 24, 1, '1', NULL, '2020-02-09 21:49:26'),
(742, 6, 24, 0, '1', NULL, '2020-02-09 21:51:31'),
(743, 7, 24, 0, '0', NULL, '2020-02-09 21:53:30'),
(744, 8, 24, 1, '1', NULL, '2020-02-09 21:55:12'),
(745, 9, 24, 0, '0', NULL, '2020-02-09 21:57:18'),
(746, 10, 24, 0, '1', NULL, '2020-02-09 21:59:24'),
(747, 11, 24, 1, '1', NULL, '2020-02-09 22:51:15'),
(748, 12, 24, 1, '0', NULL, '2020-02-09 23:16:05'),
(749, 13, 24, 1, '0', NULL, '2020-02-09 23:20:17'),
(750, 14, 24, 0, NULL, NULL, '2020-02-09 23:21:37'),
(751, 15, 24, 1, '0', NULL, '2020-02-09 23:24:02'),
(752, 16, 24, 0, NULL, NULL, '2020-02-09 23:27:05'),
(753, 17, 24, 0, NULL, NULL, '2020-02-09 23:29:29'),
(754, 18, 24, 0, NULL, NULL, '2020-02-09 23:32:59'),
(755, 19, 24, 0, NULL, NULL, '2020-02-09 23:35:28'),
(756, 20, 24, 0, '1', NULL, '2020-02-09 23:38:17'),
(757, 21, 24, 0, '1', NULL, '2020-02-09 23:40:46'),
(758, 22, 24, 0, '0', NULL, '2020-02-09 23:43:45'),
(759, 23, 24, 1, '1', NULL, '2020-02-09 23:45:46'),
(760, 24, 24, 0, '1', NULL, '2020-02-09 23:47:03'),
(761, 25, 24, 1, '1', NULL, '2020-02-10 04:24:02'),
(762, 26, 24, 1, '1', NULL, '2020-02-10 04:25:19'),
(763, 27, 24, 1, NULL, NULL, NULL),
(764, 28, 24, 0, '1', NULL, '2020-02-10 04:26:47'),
(765, 29, 24, 0, '1', NULL, '2020-02-10 04:27:59'),
(766, 30, 24, 1, '1', NULL, '2020-02-10 04:29:49'),
(767, 31, 24, 1, '0', NULL, '2020-02-10 04:31:05'),
(768, 32, 24, 1, '0', NULL, '2020-02-10 04:32:35'),
(769, 1, 25, 1, '1', NULL, '2020-02-09 19:18:07'),
(770, 2, 25, 1, '0', NULL, '2020-02-09 19:25:11'),
(771, 3, 25, 1, NULL, NULL, NULL),
(772, 4, 25, 1, '1', NULL, '2020-02-09 21:47:04'),
(773, 5, 25, 1, '1', NULL, '2020-02-09 21:49:26'),
(774, 6, 25, 0, '1', NULL, '2020-02-09 21:51:31'),
(775, 7, 25, 0, '0', NULL, '2020-02-09 21:53:30'),
(776, 8, 25, 1, '1', NULL, '2020-02-09 21:55:12'),
(777, 9, 25, 0, '0', NULL, '2020-02-09 21:57:18'),
(778, 10, 25, 0, '1', NULL, '2020-02-09 21:59:24'),
(779, 11, 25, 0, '0', NULL, '2020-02-09 22:51:15'),
(780, 12, 25, 1, '0', NULL, '2020-02-09 23:16:05'),
(781, 13, 25, 0, '0', NULL, '2020-02-09 23:20:17'),
(782, 14, 25, 0, NULL, NULL, NULL),
(783, 15, 25, 0, '0', NULL, '2020-02-09 23:24:02'),
(784, 16, 25, 0, NULL, NULL, NULL),
(785, 17, 25, 0, NULL, NULL, NULL),
(786, 18, 25, 0, NULL, NULL, '2020-02-09 23:32:59'),
(787, 19, 25, 0, NULL, NULL, NULL),
(788, 20, 25, 0, '0', NULL, '2020-02-09 23:38:17'),
(789, 21, 25, 0, '0', NULL, '2020-02-09 23:40:46'),
(790, 22, 25, 0, '0', NULL, '2020-02-09 23:43:45'),
(791, 23, 25, 1, '1', NULL, '2020-02-09 23:45:46'),
(792, 24, 25, 0, '1', NULL, '2020-02-09 23:47:03'),
(793, 25, 25, 0, '0', NULL, '2020-02-10 04:24:02'),
(794, 26, 25, 1, '1', NULL, '2020-02-10 04:25:19'),
(795, 27, 25, 0, NULL, NULL, NULL),
(796, 28, 25, 0, '1', NULL, '2020-02-10 04:26:47'),
(797, 29, 25, 0, '1', NULL, '2020-02-10 04:27:59'),
(798, 30, 25, 1, '1', NULL, '2020-02-10 04:29:49'),
(799, 31, 25, 1, '0', NULL, '2020-02-10 04:31:05'),
(800, 32, 25, 1, '0', NULL, '2020-02-10 04:32:35'),
(801, 1, 26, 1, '1', NULL, '2020-02-09 19:18:07'),
(802, 2, 26, 1, '0', NULL, '2020-02-09 19:25:11'),
(803, 3, 26, 1, NULL, NULL, NULL),
(804, 4, 26, 1, '1', NULL, '2020-02-09 21:47:04'),
(805, 5, 26, 1, '1', NULL, '2020-02-09 21:49:26'),
(806, 6, 26, 0, '1', NULL, '2020-02-09 21:51:31'),
(807, 7, 26, 1, '0', NULL, '2020-02-09 21:53:30'),
(808, 8, 26, 1, '1', NULL, '2020-02-09 21:55:12'),
(809, 9, 26, 1, '1', NULL, '2020-02-09 21:57:18'),
(810, 10, 26, 1, '1', NULL, '2020-02-09 21:59:24'),
(811, 11, 26, 1, '1', NULL, '2020-02-09 22:51:15'),
(812, 12, 26, 1, '1', NULL, '2020-02-09 23:16:05'),
(813, 13, 26, 1, '0', NULL, '2020-02-09 23:20:17'),
(814, 14, 26, 0, NULL, NULL, NULL),
(815, 15, 26, 1, '0', NULL, '2020-02-09 23:24:02'),
(816, 16, 26, 0, NULL, NULL, NULL),
(817, 17, 26, 0, NULL, NULL, '2020-02-09 23:29:29'),
(818, 18, 26, 1, '1', NULL, '2020-02-09 23:32:59'),
(819, 19, 26, 1, '1', NULL, '2020-02-09 23:35:28'),
(820, 20, 26, 1, '1', NULL, '2020-02-09 23:38:17'),
(821, 21, 26, 0, '1', NULL, '2020-02-09 23:40:46'),
(822, 22, 26, 1, '1', NULL, '2020-02-09 23:43:45'),
(823, 23, 26, 1, '1', NULL, '2020-02-09 23:45:46'),
(824, 24, 26, 0, '1', NULL, '2020-02-09 23:47:03'),
(825, 25, 26, 1, '1', NULL, '2020-02-10 04:24:02'),
(826, 26, 26, 1, '1', NULL, '2020-02-10 04:25:19'),
(827, 27, 26, 0, NULL, NULL, NULL),
(828, 28, 26, 0, '1', NULL, '2020-02-10 04:26:47'),
(829, 29, 26, 0, '1', NULL, '2020-02-10 04:27:59'),
(830, 30, 26, 1, '1', NULL, '2020-02-10 04:29:49'),
(831, 31, 26, 1, '0', NULL, '2020-02-10 04:31:05'),
(832, 32, 26, 1, '1', NULL, '2020-02-10 04:32:35'),
(833, 1, 27, 1, '1', NULL, '2020-02-09 19:18:07'),
(834, 2, 27, 0, NULL, NULL, '2020-02-09 19:25:11'),
(835, 3, 27, 1, NULL, NULL, NULL),
(836, 4, 27, 1, '1', NULL, '2020-02-09 21:47:04'),
(837, 5, 27, 1, '1', NULL, '2020-02-09 21:49:26'),
(838, 6, 27, 0, NULL, NULL, '2020-02-09 21:51:31'),
(839, 7, 27, 0, NULL, NULL, '2020-02-09 21:53:31'),
(840, 8, 27, 0, NULL, NULL, NULL),
(841, 9, 27, 0, NULL, NULL, NULL),
(842, 10, 27, 0, NULL, NULL, '2020-02-09 21:59:24'),
(843, 11, 27, 0, NULL, NULL, '2020-02-09 22:51:15'),
(844, 12, 27, 0, NULL, NULL, NULL),
(845, 13, 27, 0, NULL, NULL, NULL),
(846, 14, 27, 0, NULL, NULL, '2020-02-09 23:21:38'),
(847, 15, 27, 0, NULL, NULL, NULL),
(848, 16, 27, 0, NULL, NULL, NULL),
(849, 17, 27, 0, NULL, NULL, NULL),
(850, 18, 27, 0, NULL, NULL, '2020-02-09 23:32:59'),
(851, 19, 27, 0, NULL, NULL, NULL),
(852, 20, 27, 0, NULL, NULL, NULL),
(853, 21, 27, 0, NULL, NULL, NULL),
(854, 22, 27, 0, NULL, NULL, NULL),
(855, 23, 27, 0, '0', NULL, '2020-02-09 23:45:46'),
(856, 24, 27, 0, NULL, NULL, '2020-02-09 23:47:03'),
(857, 25, 27, 0, '0', NULL, '2020-02-10 04:24:02'),
(858, 26, 27, 0, NULL, NULL, NULL),
(859, 27, 27, 1, NULL, NULL, NULL),
(860, 28, 27, 0, NULL, NULL, '2020-02-10 04:26:47'),
(861, 29, 27, 0, NULL, NULL, NULL),
(862, 30, 27, 1, NULL, NULL, NULL),
(863, 31, 27, 0, NULL, NULL, '2020-02-10 04:31:05'),
(864, 32, 27, 1, NULL, NULL, '2020-02-10 04:32:35'),
(865, 1, 28, 0, NULL, NULL, NULL),
(866, 2, 28, 0, NULL, NULL, NULL),
(867, 3, 28, 0, NULL, NULL, '2020-02-09 19:27:30'),
(868, 4, 28, 0, NULL, NULL, '2020-02-09 21:47:04'),
(869, 5, 28, 0, NULL, NULL, NULL),
(870, 6, 28, 0, NULL, NULL, '2020-02-09 21:51:31'),
(871, 7, 28, 0, NULL, NULL, NULL),
(872, 8, 28, 0, NULL, NULL, NULL),
(873, 9, 28, 0, NULL, NULL, '2020-02-09 21:57:18'),
(874, 10, 28, 0, NULL, NULL, '2020-02-09 21:59:24'),
(875, 11, 28, 0, NULL, NULL, '2020-02-09 22:51:15'),
(876, 12, 28, 0, NULL, NULL, '2020-02-09 23:16:05'),
(877, 13, 28, 0, NULL, NULL, '2020-02-09 23:20:17'),
(878, 14, 28, 0, NULL, NULL, '2020-02-09 23:21:38'),
(879, 15, 28, 0, NULL, NULL, '2020-02-09 23:24:02'),
(880, 16, 28, 0, NULL, NULL, '2020-02-09 23:27:05'),
(881, 17, 28, 0, NULL, NULL, NULL),
(882, 18, 28, 0, NULL, NULL, '2020-02-09 23:32:59'),
(883, 19, 28, 0, NULL, NULL, NULL),
(884, 20, 28, 0, NULL, NULL, '2020-02-09 23:38:17'),
(885, 21, 28, 0, NULL, NULL, NULL),
(886, 22, 28, 0, NULL, NULL, '2020-02-09 23:43:45'),
(887, 23, 28, 0, NULL, NULL, '2020-02-09 23:45:46'),
(888, 24, 28, 0, NULL, NULL, '2020-02-09 23:47:03'),
(889, 25, 28, 0, NULL, NULL, NULL),
(890, 26, 28, 0, NULL, NULL, '2020-02-10 04:25:19'),
(891, 27, 28, 0, NULL, NULL, NULL),
(892, 28, 28, 0, NULL, NULL, '2020-02-10 04:26:47'),
(893, 29, 28, 0, NULL, NULL, NULL),
(894, 30, 28, 0, NULL, NULL, '2020-02-10 04:29:49'),
(895, 31, 28, 0, NULL, NULL, '2020-02-10 04:31:05'),
(896, 32, 28, 0, NULL, NULL, '2020-02-10 04:32:35'),
(897, 1, 29, 0, NULL, NULL, NULL),
(898, 2, 29, 0, NULL, NULL, NULL),
(899, 3, 29, 0, NULL, NULL, NULL),
(900, 4, 29, 0, NULL, NULL, NULL),
(901, 5, 29, 0, NULL, NULL, NULL),
(902, 6, 29, 0, NULL, NULL, NULL),
(903, 7, 29, 0, NULL, NULL, NULL),
(904, 8, 29, 0, NULL, NULL, NULL),
(905, 9, 29, 0, NULL, NULL, NULL),
(906, 10, 29, 0, NULL, NULL, NULL),
(907, 11, 29, 0, NULL, NULL, '2020-02-09 22:51:15'),
(908, 12, 29, 0, NULL, NULL, '2020-02-09 23:16:05'),
(909, 13, 29, 0, NULL, NULL, '2020-02-09 23:20:17'),
(910, 14, 29, 0, NULL, NULL, NULL),
(911, 15, 29, 0, NULL, NULL, '2020-02-09 23:24:02'),
(912, 16, 29, 0, NULL, NULL, NULL),
(913, 17, 29, 0, NULL, NULL, '2020-02-09 23:29:29'),
(914, 18, 29, 0, NULL, NULL, '2020-02-09 23:32:59'),
(915, 19, 29, 0, NULL, NULL, '2020-02-09 23:35:28'),
(916, 20, 29, 0, NULL, NULL, '2020-02-09 23:38:17'),
(917, 21, 29, 0, NULL, NULL, '2020-02-09 23:40:46'),
(918, 22, 29, 0, NULL, NULL, '2020-02-09 23:43:45'),
(919, 23, 29, 0, NULL, NULL, NULL),
(920, 24, 29, 0, NULL, NULL, '2020-02-09 23:47:03'),
(921, 25, 29, 0, NULL, NULL, NULL),
(922, 26, 29, 0, NULL, NULL, '2020-02-10 04:25:19'),
(923, 27, 29, 1, NULL, NULL, NULL),
(924, 28, 29, 0, NULL, NULL, '2020-02-10 04:26:47'),
(925, 29, 29, 0, NULL, NULL, '2020-02-10 04:27:59'),
(926, 30, 29, 0, NULL, NULL, NULL),
(927, 31, 29, 0, NULL, NULL, NULL),
(928, 32, 29, 0, NULL, NULL, '2020-02-10 04:32:35'),
(929, 1, 30, 0, NULL, NULL, '2020-02-09 19:18:07'),
(930, 2, 30, 0, NULL, NULL, '2020-02-09 19:25:11'),
(931, 3, 30, 0, NULL, NULL, '2020-02-09 19:27:30'),
(932, 4, 30, 0, NULL, NULL, '2020-02-09 21:47:04'),
(933, 5, 30, 0, NULL, NULL, NULL),
(934, 6, 30, 0, NULL, NULL, '2020-02-09 21:51:31'),
(935, 7, 30, 0, NULL, NULL, NULL),
(936, 8, 30, 0, NULL, NULL, NULL),
(937, 9, 30, 0, NULL, NULL, '2020-02-09 21:57:18'),
(938, 10, 30, 0, NULL, NULL, '2020-02-09 21:59:24'),
(939, 11, 30, 0, NULL, NULL, '2020-02-09 22:51:15'),
(940, 12, 30, 0, NULL, NULL, '2020-02-09 23:16:05'),
(941, 13, 30, 0, NULL, NULL, NULL),
(942, 14, 30, 0, NULL, NULL, NULL),
(943, 15, 30, 0, NULL, NULL, NULL),
(944, 16, 30, 0, NULL, NULL, '2020-02-09 23:27:05'),
(945, 17, 30, 0, NULL, NULL, NULL),
(946, 18, 30, 0, NULL, NULL, NULL),
(947, 19, 30, 0, NULL, NULL, NULL),
(948, 20, 30, 0, NULL, NULL, NULL),
(949, 21, 30, 0, NULL, NULL, NULL),
(950, 22, 30, 0, NULL, NULL, '2020-02-09 23:43:45'),
(951, 23, 30, 0, NULL, NULL, NULL),
(952, 24, 30, 0, NULL, NULL, '2020-02-09 23:47:03'),
(953, 25, 30, 0, NULL, NULL, NULL),
(954, 26, 30, 0, NULL, NULL, '2020-02-10 04:25:19'),
(955, 27, 30, 0, NULL, NULL, NULL),
(956, 28, 30, 0, NULL, NULL, NULL),
(957, 29, 30, 0, NULL, NULL, '2020-02-10 04:27:59'),
(958, 30, 30, 0, NULL, NULL, '2020-02-10 04:29:49'),
(959, 31, 30, 0, NULL, NULL, '2020-02-10 04:31:05'),
(960, 32, 30, 0, NULL, NULL, NULL),
(961, 1, 31, 0, NULL, NULL, NULL),
(962, 2, 31, 0, NULL, NULL, '2020-02-09 19:25:11'),
(963, 3, 31, 0, NULL, NULL, '2020-02-09 19:27:30'),
(964, 4, 31, 0, NULL, NULL, '2020-02-09 21:47:04'),
(965, 5, 31, 0, NULL, NULL, '2020-02-09 21:49:26'),
(966, 6, 31, 0, NULL, NULL, NULL),
(967, 7, 31, 0, NULL, NULL, NULL),
(968, 8, 31, 0, NULL, NULL, NULL),
(969, 9, 31, 0, NULL, NULL, NULL),
(970, 10, 31, 0, NULL, NULL, NULL),
(971, 11, 31, 0, NULL, NULL, NULL),
(972, 12, 31, 0, NULL, NULL, NULL),
(973, 13, 31, 0, NULL, NULL, NULL),
(974, 14, 31, 0, NULL, NULL, '2020-02-09 23:21:38'),
(975, 15, 31, 0, NULL, NULL, NULL),
(976, 16, 31, 0, NULL, NULL, NULL),
(977, 17, 31, 0, NULL, NULL, NULL),
(978, 18, 31, 0, NULL, NULL, NULL),
(979, 19, 31, 0, NULL, NULL, '2020-02-09 23:35:28'),
(980, 20, 31, 0, NULL, NULL, '2020-02-09 23:38:17'),
(981, 21, 31, 0, NULL, NULL, '2020-02-09 23:40:46'),
(982, 22, 31, 0, NULL, NULL, NULL),
(983, 23, 31, 0, NULL, NULL, '2020-02-09 23:45:46'),
(984, 24, 31, 0, NULL, NULL, '2020-02-09 23:47:03'),
(985, 25, 31, 0, NULL, NULL, '2020-02-10 04:24:02'),
(986, 26, 31, 0, NULL, NULL, NULL),
(987, 27, 31, 0, NULL, NULL, NULL),
(988, 28, 31, 0, NULL, NULL, '2020-02-10 04:26:47'),
(989, 29, 31, 0, NULL, NULL, '2020-02-10 04:27:59'),
(990, 30, 31, 0, NULL, NULL, NULL),
(991, 31, 31, 0, NULL, NULL, '2020-02-10 04:31:05'),
(992, 32, 31, 0, NULL, NULL, NULL),
(993, 1, 32, 0, NULL, NULL, NULL),
(994, 2, 32, 0, NULL, NULL, '2020-02-09 19:25:11'),
(995, 3, 32, 0, NULL, NULL, '2020-02-09 19:27:30'),
(996, 4, 32, 0, NULL, NULL, NULL),
(997, 5, 32, 0, NULL, NULL, '2020-02-09 21:49:26'),
(998, 6, 32, 0, NULL, NULL, '2020-02-09 21:51:31'),
(999, 7, 32, 0, NULL, NULL, '2020-02-09 21:53:31'),
(1000, 8, 32, 0, NULL, NULL, NULL),
(1001, 9, 32, 0, NULL, NULL, '2020-02-09 21:57:18'),
(1002, 10, 32, 0, NULL, NULL, '2020-02-09 21:59:24'),
(1003, 11, 32, 0, NULL, NULL, '2020-02-09 22:51:15'),
(1004, 12, 32, 0, NULL, NULL, '2020-02-09 23:16:05'),
(1005, 13, 32, 0, NULL, NULL, '2020-02-09 23:20:17'),
(1006, 14, 32, 0, NULL, NULL, NULL),
(1007, 15, 32, 0, NULL, NULL, '2020-02-09 23:24:02'),
(1008, 16, 32, 0, NULL, NULL, NULL),
(1009, 17, 32, 0, NULL, NULL, '2020-02-09 23:29:29'),
(1010, 18, 32, 0, NULL, NULL, '2020-02-09 23:32:59'),
(1011, 19, 32, 0, NULL, NULL, NULL),
(1012, 20, 32, 0, NULL, NULL, '2020-02-09 23:38:17'),
(1013, 21, 32, 0, NULL, NULL, '2020-02-09 23:40:46'),
(1014, 22, 32, 0, NULL, NULL, NULL),
(1015, 23, 32, 0, NULL, NULL, '2020-02-09 23:45:46'),
(1016, 24, 32, 0, NULL, NULL, NULL),
(1017, 25, 32, 0, NULL, NULL, '2020-02-10 04:24:02'),
(1018, 26, 32, 0, NULL, NULL, NULL),
(1019, 27, 32, 0, NULL, NULL, NULL),
(1020, 28, 32, 0, NULL, NULL, '2020-02-10 04:26:47'),
(1021, 29, 32, 0, NULL, NULL, '2020-02-10 04:27:59'),
(1022, 30, 32, 0, NULL, NULL, '2020-02-10 04:29:49'),
(1023, 31, 32, 0, NULL, NULL, NULL),
(1024, 32, 32, 0, NULL, NULL, '2020-02-10 04:32:35'),
(1025, 1, 33, 0, NULL, NULL, '2020-02-09 19:18:07'),
(1026, 2, 33, 0, NULL, NULL, '2020-02-09 19:25:11'),
(1027, 3, 33, 0, NULL, NULL, NULL),
(1028, 4, 33, 0, NULL, NULL, '2020-02-09 21:47:04'),
(1029, 5, 33, 0, NULL, NULL, NULL),
(1030, 6, 33, 0, NULL, NULL, '2020-02-09 21:51:31'),
(1031, 7, 33, 0, NULL, NULL, '2020-02-09 21:53:31'),
(1032, 8, 33, 0, NULL, NULL, NULL),
(1033, 9, 33, 0, NULL, NULL, '2020-02-09 21:57:18'),
(1034, 10, 33, 0, NULL, NULL, NULL),
(1035, 11, 33, 0, NULL, NULL, '2020-02-09 22:51:15'),
(1036, 12, 33, 0, NULL, NULL, NULL),
(1037, 13, 33, 0, NULL, NULL, NULL),
(1038, 14, 33, 0, NULL, NULL, '2020-02-09 23:21:38'),
(1039, 15, 33, 0, NULL, NULL, NULL),
(1040, 16, 33, 0, NULL, NULL, NULL),
(1041, 17, 33, 0, NULL, NULL, NULL),
(1042, 18, 33, 0, NULL, NULL, NULL),
(1043, 19, 33, 0, NULL, NULL, '2020-02-09 23:35:28'),
(1044, 20, 33, 0, NULL, NULL, '2020-02-09 23:38:17'),
(1045, 21, 33, 0, NULL, NULL, NULL),
(1046, 22, 33, 0, NULL, NULL, NULL),
(1047, 23, 33, 0, NULL, NULL, NULL),
(1048, 24, 33, 0, NULL, NULL, '2020-02-09 23:47:03'),
(1049, 25, 33, 0, NULL, NULL, NULL),
(1050, 26, 33, 0, NULL, NULL, NULL),
(1051, 27, 33, 1, NULL, NULL, NULL),
(1052, 28, 33, 0, NULL, NULL, '2020-02-10 04:26:47'),
(1053, 29, 33, 0, NULL, NULL, '2020-02-10 04:27:59'),
(1054, 30, 33, 0, NULL, NULL, NULL),
(1055, 31, 33, 0, NULL, NULL, '2020-02-10 04:31:05'),
(1056, 32, 33, 0, NULL, NULL, '2020-02-10 04:32:35'),
(1057, 1, 34, 0, NULL, NULL, NULL),
(1058, 2, 34, 0, NULL, NULL, NULL),
(1059, 3, 34, 0, NULL, NULL, '2020-02-09 19:27:30'),
(1060, 4, 34, 0, NULL, NULL, '2020-02-09 21:47:04'),
(1061, 5, 34, 0, NULL, NULL, '2020-02-09 21:49:26'),
(1062, 6, 34, 0, NULL, NULL, '2020-02-09 21:51:31'),
(1063, 7, 34, 0, NULL, NULL, NULL),
(1064, 8, 34, 0, NULL, NULL, NULL),
(1065, 9, 34, 0, NULL, NULL, '2020-02-09 21:57:18'),
(1066, 10, 34, 0, NULL, NULL, NULL),
(1067, 11, 34, 0, NULL, NULL, NULL),
(1068, 12, 34, 0, NULL, NULL, '2020-02-09 23:16:05'),
(1069, 13, 34, 0, NULL, NULL, NULL),
(1070, 14, 34, 0, NULL, NULL, NULL),
(1071, 15, 34, 0, NULL, NULL, NULL),
(1072, 16, 34, 0, NULL, NULL, NULL),
(1073, 17, 34, 0, NULL, NULL, NULL),
(1074, 18, 34, 0, NULL, NULL, '2020-02-09 23:32:59'),
(1075, 19, 34, 0, NULL, NULL, '2020-02-09 23:35:28'),
(1076, 20, 34, 0, NULL, NULL, NULL),
(1077, 21, 34, 0, NULL, NULL, '2020-02-09 23:40:46'),
(1078, 22, 34, 0, NULL, NULL, NULL);
INSERT INTO `survey_selections` (`id`, `survey_id`, `selection_id`, `choice`, `description`, `created_at`, `updated_at`) VALUES
(1079, 23, 34, 0, NULL, NULL, NULL),
(1080, 24, 34, 0, NULL, NULL, NULL),
(1081, 25, 34, 0, NULL, NULL, '2020-02-10 04:24:02'),
(1082, 26, 34, 0, NULL, NULL, NULL),
(1083, 27, 34, 0, NULL, NULL, NULL),
(1084, 28, 34, 0, NULL, NULL, NULL),
(1085, 29, 34, 0, NULL, NULL, '2020-02-10 04:27:59'),
(1086, 30, 34, 0, NULL, NULL, NULL),
(1087, 31, 34, 0, NULL, NULL, '2020-02-10 04:31:05'),
(1088, 32, 34, 0, NULL, NULL, NULL),
(1089, 1, 35, 0, NULL, NULL, '2020-02-09 19:18:07'),
(1090, 2, 35, 0, NULL, NULL, '2020-02-09 19:25:11'),
(1091, 3, 35, 0, NULL, NULL, NULL),
(1092, 4, 35, 0, NULL, NULL, NULL),
(1093, 5, 35, 0, NULL, NULL, NULL),
(1094, 6, 35, 0, NULL, NULL, NULL),
(1095, 7, 35, 0, NULL, NULL, NULL),
(1096, 8, 35, 0, NULL, NULL, '2020-02-09 21:55:12'),
(1097, 9, 35, 0, NULL, NULL, NULL),
(1098, 10, 35, 0, NULL, NULL, '2020-02-09 21:59:24'),
(1099, 11, 35, 0, NULL, NULL, NULL),
(1100, 12, 35, 0, NULL, NULL, NULL),
(1101, 13, 35, 0, NULL, NULL, NULL),
(1102, 14, 35, 0, NULL, NULL, '2020-02-09 23:21:38'),
(1103, 15, 35, 0, NULL, NULL, NULL),
(1104, 16, 35, 0, NULL, NULL, '2020-02-09 23:27:06'),
(1105, 17, 35, 0, NULL, NULL, '2020-02-09 23:29:29'),
(1106, 18, 35, 0, NULL, NULL, NULL),
(1107, 19, 35, 0, NULL, NULL, NULL),
(1108, 20, 35, 0, NULL, NULL, '2020-02-09 23:38:17'),
(1109, 21, 35, 0, NULL, NULL, NULL),
(1110, 22, 35, 0, NULL, NULL, '2020-02-09 23:43:45'),
(1111, 23, 35, 0, NULL, NULL, NULL),
(1112, 24, 35, 0, NULL, NULL, '2020-02-09 23:47:03'),
(1113, 25, 35, 0, NULL, NULL, NULL),
(1114, 26, 35, 0, NULL, NULL, '2020-02-10 04:25:19'),
(1115, 27, 35, 0, NULL, NULL, NULL),
(1116, 28, 35, 0, NULL, NULL, NULL),
(1117, 29, 35, 0, NULL, NULL, NULL),
(1118, 30, 35, 0, NULL, NULL, NULL),
(1119, 31, 35, 0, NULL, NULL, NULL),
(1120, 32, 35, 0, NULL, NULL, NULL),
(1121, 1, 36, 0, NULL, NULL, '2020-02-09 19:18:07'),
(1122, 2, 36, 0, NULL, NULL, '2020-02-09 19:25:11'),
(1123, 3, 36, 0, NULL, NULL, NULL),
(1124, 4, 36, 0, NULL, NULL, '2020-02-09 21:47:04'),
(1125, 5, 36, 0, NULL, NULL, '2020-02-09 21:49:26'),
(1126, 6, 36, 0, NULL, NULL, '2020-02-09 21:51:31'),
(1127, 7, 36, 0, NULL, NULL, '2020-02-09 21:53:31'),
(1128, 8, 36, 0, NULL, NULL, '2020-02-09 21:55:12'),
(1129, 9, 36, 0, NULL, NULL, NULL),
(1130, 10, 36, 0, NULL, NULL, NULL),
(1131, 11, 36, 0, NULL, NULL, '2020-02-09 22:51:15'),
(1132, 12, 36, 0, NULL, NULL, NULL),
(1133, 13, 36, 0, NULL, NULL, NULL),
(1134, 14, 36, 0, NULL, NULL, '2020-02-09 23:21:38'),
(1135, 15, 36, 0, NULL, NULL, NULL),
(1136, 16, 36, 0, NULL, NULL, '2020-02-09 23:27:06'),
(1137, 17, 36, 0, NULL, NULL, '2020-02-09 23:29:29'),
(1138, 18, 36, 0, NULL, NULL, '2020-02-09 23:32:59'),
(1139, 19, 36, 0, NULL, NULL, NULL),
(1140, 20, 36, 0, NULL, NULL, '2020-02-09 23:38:17'),
(1141, 21, 36, 0, NULL, NULL, NULL),
(1142, 22, 36, 0, NULL, NULL, '2020-02-09 23:43:45'),
(1143, 23, 36, 0, NULL, NULL, NULL),
(1144, 24, 36, 0, NULL, NULL, '2020-02-09 23:47:03'),
(1145, 25, 36, 0, NULL, NULL, NULL),
(1146, 26, 36, 0, NULL, NULL, '2020-02-10 04:25:19'),
(1147, 27, 36, 0, NULL, NULL, NULL),
(1148, 28, 36, 0, NULL, NULL, NULL),
(1149, 29, 36, 0, NULL, NULL, NULL),
(1150, 30, 36, 0, NULL, NULL, '2020-02-10 04:29:49'),
(1151, 31, 36, 0, NULL, NULL, NULL),
(1152, 32, 36, 0, NULL, NULL, '2020-02-10 04:32:35'),
(1153, 1, 37, 0, NULL, NULL, NULL),
(1154, 2, 37, 0, NULL, NULL, '2020-02-09 19:25:11'),
(1155, 3, 37, 0, NULL, NULL, NULL),
(1156, 4, 37, 0, NULL, NULL, '2020-02-09 21:47:04'),
(1157, 5, 37, 0, NULL, NULL, '2020-02-09 21:49:26'),
(1158, 6, 37, 0, NULL, NULL, NULL),
(1159, 7, 37, 0, NULL, NULL, '2020-02-09 21:53:31'),
(1160, 8, 37, 0, NULL, NULL, NULL),
(1161, 9, 37, 0, NULL, NULL, NULL),
(1162, 10, 37, 0, NULL, NULL, NULL),
(1163, 11, 37, 0, NULL, NULL, NULL),
(1164, 12, 37, 0, NULL, NULL, '2020-02-09 23:16:05'),
(1165, 13, 37, 0, NULL, NULL, NULL),
(1166, 14, 37, 0, NULL, NULL, '2020-02-09 23:21:38'),
(1167, 15, 37, 0, NULL, NULL, NULL),
(1168, 16, 37, 0, NULL, NULL, NULL),
(1169, 17, 37, 0, NULL, NULL, '2020-02-09 23:29:29'),
(1170, 18, 37, 0, NULL, NULL, '2020-02-09 23:32:59'),
(1171, 19, 37, 0, NULL, NULL, '2020-02-09 23:35:28'),
(1172, 20, 37, 0, NULL, NULL, '2020-02-09 23:38:17'),
(1173, 21, 37, 0, NULL, NULL, '2020-02-09 23:40:46'),
(1174, 22, 37, 0, NULL, NULL, NULL),
(1175, 23, 37, 0, NULL, NULL, NULL),
(1176, 24, 37, 0, NULL, NULL, '2020-02-09 23:47:03'),
(1177, 25, 37, 0, NULL, NULL, NULL),
(1178, 26, 37, 0, NULL, NULL, NULL),
(1179, 27, 37, 1, NULL, NULL, NULL),
(1180, 28, 37, 0, NULL, NULL, NULL),
(1181, 29, 37, 0, NULL, NULL, NULL),
(1182, 30, 37, 0, NULL, NULL, '2020-02-10 04:29:49'),
(1183, 31, 37, 0, NULL, NULL, NULL),
(1184, 32, 37, 0, NULL, NULL, NULL),
(1185, 1, 38, 0, NULL, NULL, NULL),
(1186, 2, 38, 0, NULL, NULL, '2020-02-09 19:25:11'),
(1187, 3, 38, 0, NULL, NULL, '2020-02-09 19:27:30'),
(1188, 4, 38, 0, NULL, NULL, '2020-02-09 21:47:04'),
(1189, 5, 38, 0, NULL, NULL, '2020-02-09 21:49:26'),
(1190, 6, 38, 0, NULL, NULL, '2020-02-09 21:51:31'),
(1191, 7, 38, 0, NULL, NULL, '2020-02-09 21:53:31'),
(1192, 8, 38, 0, NULL, NULL, NULL),
(1193, 9, 38, 0, NULL, NULL, NULL),
(1194, 10, 38, 0, NULL, NULL, '2020-02-09 21:59:24'),
(1195, 11, 38, 0, NULL, NULL, '2020-02-09 22:51:15'),
(1196, 12, 38, 0, NULL, NULL, '2020-02-09 23:16:05'),
(1197, 13, 38, 0, NULL, NULL, '2020-02-09 23:20:17'),
(1198, 14, 38, 0, NULL, NULL, '2020-02-09 23:21:38'),
(1199, 15, 38, 0, NULL, NULL, '2020-02-09 23:24:02'),
(1200, 16, 38, 0, NULL, NULL, NULL),
(1201, 17, 38, 0, NULL, NULL, NULL),
(1202, 18, 38, 0, NULL, NULL, '2020-02-09 23:32:59'),
(1203, 19, 38, 0, NULL, NULL, '2020-02-09 23:35:28'),
(1204, 20, 38, 0, NULL, NULL, '2020-02-09 23:38:17'),
(1205, 21, 38, 0, NULL, NULL, NULL),
(1206, 22, 38, 0, NULL, NULL, '2020-02-09 23:43:45'),
(1207, 23, 38, 0, NULL, NULL, '2020-02-09 23:45:46'),
(1208, 24, 38, 0, NULL, NULL, NULL),
(1209, 25, 38, 0, NULL, NULL, NULL),
(1210, 26, 38, 0, NULL, NULL, NULL),
(1211, 27, 38, 0, NULL, NULL, NULL),
(1212, 28, 38, 0, NULL, NULL, NULL),
(1213, 29, 38, 0, NULL, NULL, '2020-02-10 04:27:59'),
(1214, 30, 38, 0, NULL, NULL, NULL),
(1215, 31, 38, 0, NULL, NULL, '2020-02-10 04:31:05'),
(1216, 32, 38, 0, NULL, NULL, '2020-02-10 04:32:35'),
(1217, 1, 39, 0, NULL, NULL, NULL),
(1218, 2, 39, 0, NULL, NULL, NULL),
(1219, 3, 39, 0, NULL, NULL, '2020-02-09 19:27:30'),
(1220, 4, 39, 0, NULL, NULL, NULL),
(1221, 5, 39, 0, NULL, NULL, NULL),
(1222, 6, 39, 0, NULL, NULL, '2020-02-09 21:51:31'),
(1223, 7, 39, 0, NULL, NULL, NULL),
(1224, 8, 39, 0, NULL, NULL, NULL),
(1225, 9, 39, 0, NULL, NULL, '2020-02-09 21:57:18'),
(1226, 10, 39, 0, NULL, NULL, '2020-02-09 21:59:24'),
(1227, 11, 39, 0, NULL, NULL, NULL),
(1228, 12, 39, 0, NULL, NULL, '2020-02-09 23:16:05'),
(1229, 13, 39, 0, NULL, NULL, NULL),
(1230, 14, 39, 0, NULL, NULL, NULL),
(1231, 15, 39, 0, NULL, NULL, NULL),
(1232, 16, 39, 0, NULL, NULL, '2020-02-09 23:27:06'),
(1233, 17, 39, 0, NULL, NULL, NULL),
(1234, 18, 39, 0, NULL, NULL, '2020-02-09 23:32:59'),
(1235, 19, 39, 0, NULL, NULL, '2020-02-09 23:35:28'),
(1236, 20, 39, 0, NULL, NULL, NULL),
(1237, 21, 39, 0, NULL, NULL, '2020-02-09 23:40:46'),
(1238, 22, 39, 0, NULL, NULL, NULL),
(1239, 23, 39, 0, NULL, NULL, NULL),
(1240, 24, 39, 0, NULL, NULL, NULL),
(1241, 25, 39, 0, NULL, NULL, '2020-02-10 04:24:02'),
(1242, 26, 39, 0, NULL, NULL, NULL),
(1243, 27, 39, 0, NULL, NULL, NULL),
(1244, 28, 39, 0, NULL, NULL, NULL),
(1245, 29, 39, 0, NULL, NULL, NULL),
(1246, 30, 39, 0, NULL, NULL, NULL),
(1247, 31, 39, 0, NULL, NULL, NULL),
(1248, 32, 39, 0, NULL, NULL, '2020-02-10 04:32:35'),
(1249, 1, 40, 0, NULL, NULL, NULL),
(1250, 2, 40, 1, 'Atap : Seng, Dak Kondisi Rusak Ringan  Kuda-kuda : Baja Ringan Kondisi Baik  Rangka Atap : Baja Ringan  Kondisi Baik  Dinding : Bata Finishing Plasteran Kondisi Baik  Jendela : Alumunium, Kaca Kondisi Baik  Pintu : Alumunium, Plywood Kondisi Rusak Ringan  Lantai : Granit Tile Kondisi Baik  Catatan : -List profil rusak dibeberapa titik -Ukiran fasade bangunan terlepas satu modul -Atap bocor dibeberapa titik', NULL, '2020-02-09 19:25:11'),
(1251, 3, 40, 0, NULL, NULL, '2020-02-09 19:27:30'),
(1252, 4, 40, 0, NULL, NULL, NULL),
(1253, 5, 40, 0, NULL, NULL, '2020-02-09 21:49:26'),
(1254, 6, 40, 1, NULL, NULL, '2020-02-09 21:51:31'),
(1255, 7, 40, 0, 'Atap Spandek Kondisi:Baik', NULL, '2020-02-09 21:53:31'),
(1256, 8, 40, 0, NULL, NULL, '2020-02-09 21:55:12'),
(1257, 9, 40, 0, 'Atap : Spandek, kondisi baik Talang : Alumunium, kondisi baik Kuda-kuda : Baja h, kondisi baik Rangka atap : Baja ringan, kondisi baik Dinding : Bata,acp,kaca temperd, kondisi rusak ringan Jendela : Alumunium,kaca, kondisi baik Pintu : Temperd,alumunium,kayu lapis hpl, kondisi baik Lantai : Granit tail, kondisi baik  Catatan - Dinding retak dibeberapa titik - Plafon rusak dibeberapa titik - AC - Lampu bermasalah dibeberapa titik', NULL, '2020-02-09 21:57:18'),
(1258, 10, 40, 0, 'Atap : Dack, Spandek Kondisi Baik', NULL, '2020-02-09 21:59:24'),
(1259, 11, 40, 0, 'Atap : Singkalung, kondisi  baik Kuda-kuda : Baja H, kondisi baik Rangka atap : Baja ringan, kondisi baik Dinding : Acp,bata ringan, kondisi rusak ringan Jendela : Alumunium kaca, kondisi baik Pintu : Tempord,alumunium, kondisi baik Lantai : Granit tail, kondisi baik  Catatan  -Flapon rusak -  CCTV tidak berfungsi - Atap bocor - Sambung acp terlepas,dinding retak dibeberapa titik - Dinding grc kena rembesan ac - AC diruang serbaguna berisik', NULL, '2020-02-09 22:51:15'),
(1260, 12, 40, 1, NULL, NULL, '2020-02-09 23:16:05'),
(1261, 13, 40, 0, 'Atap Genteng Keramik Kondisi:Baik  Kuda-Kuda Baja Ringan Kondisi:Baik  Rangka Atap Baja Ringan Kondisi:Baik  Dinding Bata Kondisi:Baik  Jendela Kusen Kayu Kondisi:Baik  Pintu Kayu,Aluminium Kondisi:Baik  Lantai Keramik & Granite Tile Kondisi:Baik', NULL, '2020-02-09 23:20:17'),
(1262, 14, 40, 0, NULL, NULL, NULL),
(1263, 15, 40, 0, 'Atap : Sirap aspal, kondisi baik Kuda-kuda : Baja, kondisi baik Rangka atap : Baja, kondisi baik Dinding : Partisi,baja,acp, kondisi rusak ringan Jendela : Alumunium, kondisi rusak ringan Pintu : Alumunium (kusen),kayu lapis hpl, kondisi rusak ringan Lantai : Granit til, kondisi baik  Catatan - Dak teras bocor - AC central dinginnya tidak merata - Retakan dinding dibeberapa titik - Jendela rusak dibeberapa titik', NULL, '2020-02-09 23:24:02'),
(1264, 16, 40, 0, NULL, NULL, '2020-02-09 23:27:06'),
(1265, 17, 40, 0, NULL, NULL, NULL),
(1266, 18, 40, 0, 'Atap : Spandek, kondisi baik Talang : Beton bertulang, kondisi baik Kuda-kuda : Baja h, kondisi baik Rangka atap : Baja ringan, kondisi baik Dinding : Bata finishing plasteran, kondisi baik Jendela : Alumunium coklat dan kaca, kondisi baik Pintu : Kaca teperd, kondisi baik Lantai : Granitasi, kondisi baik  Catatan - Cat dinding luar terlihat memudar', NULL, '2020-02-09 23:32:59'),
(1267, 19, 40, 0, 'Gedung Baru direhab 1.Rehab Interior 2.Rehab Fasad Tahun 2018', NULL, '2020-02-09 23:35:28'),
(1268, 20, 40, 1, 'Atap : Ondulen Kondisi Rusak Berat  Talang : PVS Kondisi Rusak Sedang  Kuda-kuda : Space Frame Kondisi Baik  Rangka Atap : Space Frame Kondisi Baik  Dinding : Bata Beton Kondisi Rusak Ringan  Jendela : Alumunium, Kaca Kondisi Baik  Pintu : Alumunium, Kaca Kondisi Rusak Ringan  Lantai : Keramik, Granit, Kayu Kondisi Rusak Sedang', NULL, '2020-02-09 23:38:17'),
(1269, 21, 40, 1, 'Atap Keramik,Dak Kondisi:Rusak Ringan  Kuda-kuda Baja H Kondisi:Baik  Rangka Atap Baja Ringan Kondisi:Baik  Dinding Bata Beton Kondisi:Rusak Ringan  Jendela Kusen Kayu,Kaca Kondisi:Baik  Pintu Kayu Kondisi:Baik  Lantai Granite Tile,Batu Alam Kondisi:Baik  Catatan: -Cat Mulai Memudar dan Terkelupas di Beberapa Titik -Kebocoran Atap di Beberapa Titik -Pergerakan Tanah di Beberapa Titik', NULL, '2020-02-09 23:40:46'),
(1270, 22, 40, 0, 'Atap : Seng, dak, beton kondisi rusak ringan  Talang : Beton Lapis Karpet Kondisi Rusak Sedang  Kuda-kuda : Baja H Kondisi Baik  Rangka Atap : Baja Kondisi Baik  Dinding : Bata Beton, ACP kondisi Rusak Sedang  Jendela : Alumunium, Kaca Kondisi Rusak Sedang  Pintu : Alumunium, Kaca Kondisi Rusak Sedang  Lantai : Keramik, Karpet Kondisi Rusak Ringan', NULL, '2020-02-09 23:43:45'),
(1271, 23, 40, 0, NULL, NULL, '2020-02-09 23:45:46'),
(1272, 24, 40, 1, NULL, NULL, NULL),
(1273, 25, 40, 0, NULL, NULL, NULL),
(1274, 26, 40, 0, NULL, NULL, NULL),
(1275, 27, 40, 0, NULL, NULL, NULL),
(1276, 28, 40, 1, NULL, NULL, NULL),
(1277, 29, 40, 1, NULL, NULL, '2020-02-10 04:27:59'),
(1278, 30, 40, 0, NULL, NULL, '2020-02-10 04:29:49'),
(1279, 31, 40, 0, NULL, NULL, NULL),
(1280, 32, 40, 1, NULL, NULL, NULL),
(1281, 1, 41, 1, NULL, NULL, NULL),
(1282, 2, 41, 1, NULL, NULL, '2020-02-09 19:25:11'),
(1283, 3, 41, 0, NULL, NULL, NULL),
(1284, 4, 41, 0, NULL, NULL, NULL),
(1285, 5, 41, 0, NULL, NULL, '2020-02-09 21:49:26'),
(1286, 6, 41, 1, NULL, NULL, '2020-02-09 21:51:31'),
(1287, 7, 41, 0, NULL, NULL, '2020-02-09 21:53:31'),
(1288, 8, 41, 0, NULL, NULL, NULL),
(1289, 9, 41, 0, NULL, NULL, NULL),
(1290, 10, 41, 0, NULL, NULL, '2020-02-09 21:59:24'),
(1291, 11, 41, 0, NULL, NULL, '2020-02-09 22:51:15'),
(1292, 12, 41, 1, NULL, NULL, '2020-02-09 23:16:05'),
(1293, 13, 41, 0, NULL, NULL, '2020-02-09 23:20:17'),
(1294, 14, 41, 0, NULL, NULL, NULL),
(1295, 15, 41, 0, NULL, NULL, '2020-02-09 23:24:02'),
(1296, 16, 41, 0, NULL, NULL, '2020-02-09 23:27:06'),
(1297, 17, 41, 0, NULL, NULL, '2020-02-09 23:29:29'),
(1298, 18, 41, 0, NULL, NULL, NULL),
(1299, 19, 41, 0, NULL, NULL, '2020-02-09 23:35:28'),
(1300, 20, 41, 1, NULL, NULL, NULL),
(1301, 21, 41, 1, NULL, NULL, '2020-02-09 23:40:46'),
(1302, 22, 41, 1, NULL, NULL, NULL),
(1303, 23, 41, 0, NULL, NULL, '2020-02-09 23:45:46'),
(1304, 24, 41, 1, NULL, NULL, '2020-02-09 23:47:03'),
(1305, 25, 41, 0, NULL, NULL, '2020-02-10 04:24:02'),
(1306, 26, 41, 0, NULL, NULL, NULL),
(1307, 27, 41, 1, NULL, NULL, NULL),
(1308, 28, 41, 1, NULL, NULL, '2020-02-10 04:26:47'),
(1309, 29, 41, 1, NULL, NULL, NULL),
(1310, 30, 41, 0, NULL, NULL, NULL),
(1311, 31, 41, 0, NULL, NULL, NULL),
(1312, 32, 41, 1, NULL, NULL, '2020-02-10 04:32:35'),
(1313, 1, 42, 1, NULL, NULL, NULL),
(1314, 2, 42, 1, NULL, NULL, '2020-02-09 19:25:11'),
(1315, 3, 42, 0, NULL, NULL, NULL),
(1316, 4, 42, 0, NULL, NULL, NULL),
(1317, 5, 42, 0, NULL, NULL, NULL),
(1318, 6, 42, 1, NULL, NULL, '2020-02-09 21:51:31'),
(1319, 7, 42, 0, NULL, NULL, NULL),
(1320, 8, 42, 0, NULL, NULL, '2020-02-09 21:55:12'),
(1321, 9, 42, 0, NULL, NULL, '2020-02-09 21:57:18'),
(1322, 10, 42, 0, NULL, NULL, NULL),
(1323, 11, 42, 0, NULL, NULL, '2020-02-09 22:51:15'),
(1324, 12, 42, 1, NULL, NULL, NULL),
(1325, 13, 42, 0, NULL, NULL, '2020-02-09 23:20:17'),
(1326, 14, 42, 0, NULL, NULL, NULL),
(1327, 15, 42, 0, NULL, NULL, NULL),
(1328, 16, 42, 0, NULL, NULL, NULL),
(1329, 17, 42, 0, NULL, NULL, '2020-02-09 23:29:29'),
(1330, 18, 42, 0, NULL, NULL, '2020-02-09 23:32:59'),
(1331, 19, 42, 0, NULL, NULL, NULL),
(1332, 20, 42, 1, NULL, NULL, NULL),
(1333, 21, 42, 1, NULL, NULL, '2020-02-09 23:40:46'),
(1334, 22, 42, 1, NULL, NULL, '2020-02-09 23:43:45'),
(1335, 23, 42, 0, NULL, NULL, '2020-02-09 23:45:46'),
(1336, 24, 42, 1, NULL, NULL, '2020-02-09 23:47:03'),
(1337, 25, 42, 0, NULL, NULL, '2020-02-10 04:24:02'),
(1338, 26, 42, 0, NULL, NULL, NULL),
(1339, 27, 42, 1, NULL, NULL, NULL),
(1340, 28, 42, 1, NULL, NULL, NULL),
(1341, 29, 42, 1, NULL, NULL, NULL),
(1342, 30, 42, 0, NULL, NULL, NULL),
(1343, 31, 42, 0, NULL, NULL, '2020-02-10 04:31:05'),
(1344, 32, 42, 1, NULL, NULL, '2020-02-10 04:32:35'),
(1345, 35, 1, 0, NULL, '2020-02-10 04:20:06', '2020-02-10 04:20:06'),
(1346, 35, 2, 0, NULL, '2020-02-10 04:20:06', '2020-02-10 04:20:06'),
(1347, 35, 3, 0, NULL, '2020-02-10 04:20:06', '2020-02-10 04:20:06'),
(1348, 35, 4, 0, NULL, '2020-02-10 04:20:06', '2020-02-10 04:20:06'),
(1349, 35, 5, 0, NULL, '2020-02-10 04:20:06', '2020-02-10 04:20:06'),
(1350, 35, 6, 0, NULL, '2020-02-10 04:20:06', '2020-02-10 04:20:06'),
(1351, 35, 7, 0, NULL, '2020-02-10 04:20:06', '2020-02-10 04:20:06'),
(1352, 35, 8, 0, NULL, '2020-02-10 04:20:06', '2020-02-10 04:20:06'),
(1353, 35, 9, 0, NULL, '2020-02-10 04:20:06', '2020-02-10 04:20:06'),
(1354, 35, 10, 0, NULL, '2020-02-10 04:20:06', '2020-02-10 04:20:06'),
(1355, 35, 11, 0, NULL, '2020-02-10 04:20:06', '2020-02-10 04:20:06'),
(1356, 35, 12, 0, NULL, '2020-02-10 04:20:06', '2020-02-10 04:20:06'),
(1357, 35, 13, 0, NULL, '2020-02-10 04:20:06', '2020-02-10 04:20:06'),
(1358, 35, 14, 0, NULL, '2020-02-10 04:20:07', '2020-02-10 04:20:07'),
(1359, 35, 15, 0, NULL, '2020-02-10 04:20:07', '2020-02-10 04:20:07'),
(1360, 35, 16, 0, NULL, '2020-02-10 04:20:07', '2020-02-10 04:20:07'),
(1361, 35, 17, 0, NULL, '2020-02-10 04:20:07', '2020-02-10 04:20:07'),
(1362, 35, 18, 0, NULL, '2020-02-10 04:20:07', '2020-02-10 04:20:07'),
(1363, 35, 19, 0, NULL, '2020-02-10 04:20:07', '2020-02-10 04:20:07'),
(1364, 35, 20, 0, NULL, '2020-02-10 04:20:07', '2020-02-10 04:20:07'),
(1365, 35, 21, 0, NULL, '2020-02-10 04:20:07', '2020-02-10 04:20:07'),
(1366, 35, 22, 0, NULL, '2020-02-10 04:20:07', '2020-02-10 04:20:07'),
(1367, 35, 23, 0, NULL, '2020-02-10 04:20:07', '2020-02-10 04:20:07'),
(1368, 35, 24, 0, NULL, '2020-02-10 04:20:07', '2020-02-10 04:20:07'),
(1369, 35, 25, 0, NULL, '2020-02-10 04:20:07', '2020-02-10 04:20:07'),
(1370, 35, 26, 0, NULL, '2020-02-10 04:20:07', '2020-02-10 04:20:07'),
(1371, 35, 27, 0, NULL, '2020-02-10 04:20:07', '2020-02-10 04:20:07'),
(1372, 35, 28, 0, NULL, '2020-02-10 04:20:07', '2020-02-10 04:20:07'),
(1373, 35, 29, 0, NULL, '2020-02-10 04:20:07', '2020-02-10 04:20:07'),
(1374, 35, 30, 0, NULL, '2020-02-10 04:20:07', '2020-02-10 04:20:07'),
(1375, 35, 31, 0, NULL, '2020-02-10 04:20:07', '2020-02-10 04:20:07'),
(1376, 35, 32, 0, NULL, '2020-02-10 04:20:07', '2020-02-10 04:20:07'),
(1377, 35, 33, 0, NULL, '2020-02-10 04:20:07', '2020-02-10 04:20:07'),
(1378, 35, 34, 0, NULL, '2020-02-10 04:20:07', '2020-02-10 04:20:07'),
(1379, 35, 35, 0, NULL, '2020-02-10 04:20:07', '2020-02-10 04:20:07'),
(1380, 35, 36, 0, NULL, '2020-02-10 04:20:07', '2020-02-10 04:20:07'),
(1381, 35, 37, 0, NULL, '2020-02-10 04:20:07', '2020-02-10 04:20:07'),
(1382, 35, 38, 0, NULL, '2020-02-10 04:20:07', '2020-02-10 04:20:07'),
(1383, 35, 39, 0, NULL, '2020-02-10 04:20:07', '2020-02-10 04:20:07'),
(1384, 35, 40, 0, NULL, '2020-02-10 04:20:07', '2020-02-10 04:20:07'),
(1385, 35, 41, 0, NULL, '2020-02-10 04:20:07', '2020-02-10 04:20:07'),
(1386, 35, 42, 0, NULL, '2020-02-10 04:20:07', '2020-02-10 04:20:07');

-- --------------------------------------------------------

--
-- Table structure for table `users`
--

CREATE TABLE `users` (
  `id` int(10) UNSIGNED NOT NULL,
  `name` varchar(191) COLLATE utf8mb4_unicode_ci NOT NULL,
  `email` varchar(191) COLLATE utf8mb4_unicode_ci NOT NULL,
  `email_verified_at` timestamp NULL DEFAULT NULL,
  `password` varchar(191) COLLATE utf8mb4_unicode_ci NOT NULL,
  `remember_token` varchar(100) COLLATE utf8mb4_unicode_ci DEFAULT NULL,
  `created_at` timestamp NULL DEFAULT NULL,
  `updated_at` timestamp NULL DEFAULT NULL
) ENGINE=InnoDB DEFAULT CHARSET=utf8mb4 COLLATE=utf8mb4_unicode_ci;

--
-- Dumping data for table `users`
--

INSERT INTO `users` (`id`, `name`, `email`, `email_verified_at`, `password`, `remember_token`, `created_at`, `updated_at`) VALUES
(1, 'Administrator', 'admin@gmail.com', '2020-02-09 18:52:09', '$2y$10$TKh8H1.PfQx37YgCzwiKb.KjNyWgaHb9cbcoQgdIVFlYg7B77UdFm', 'q6AGYEQIZy', '2020-02-09 18:52:10', '2020-02-09 18:52:10');

--
-- Indexes for dumped tables
--

--
-- Indexes for table `migrations`
--
ALTER TABLE `migrations`
  ADD PRIMARY KEY (`id`);

--
-- Indexes for table `outlets`
--
ALTER TABLE `outlets`
  ADD PRIMARY KEY (`id`),
  ADD KEY `outlets_creator_id_foreign` (`creator_id`);

--
-- Indexes for table `password_resets`
--
ALTER TABLE `password_resets`
  ADD KEY `password_resets_email_index` (`email`);

--
-- Indexes for table `selections`
--
ALTER TABLE `selections`
  ADD PRIMARY KEY (`id`),
  ADD KEY `selections_user_id_foreign` (`user_id`);

--
-- Indexes for table `settings`
--
ALTER TABLE `settings`
  ADD PRIMARY KEY (`id`);

--
-- Indexes for table `surveys`
--
ALTER TABLE `surveys`
  ADD PRIMARY KEY (`id`),
  ADD UNIQUE KEY `surveys_kode_unique` (`kode`),
  ADD KEY `surveys_user_id_foreign` (`user_id`);

--
-- Indexes for table `survey_selections`
--
ALTER TABLE `survey_selections`
  ADD PRIMARY KEY (`id`),
  ADD KEY `survey_selections_survey_id_foreign` (`survey_id`),
  ADD KEY `survey_selections_selection_id_foreign` (`selection_id`);

--
-- Indexes for table `users`
--
ALTER TABLE `users`
  ADD PRIMARY KEY (`id`),
  ADD UNIQUE KEY `users_email_unique` (`email`);

--
-- AUTO_INCREMENT for dumped tables
--

--
-- AUTO_INCREMENT for table `migrations`
--
ALTER TABLE `migrations`
  MODIFY `id` int(10) UNSIGNED NOT NULL AUTO_INCREMENT, AUTO_INCREMENT=63;

--
-- AUTO_INCREMENT for table `outlets`
--
ALTER TABLE `outlets`
  MODIFY `id` int(10) UNSIGNED NOT NULL AUTO_INCREMENT, AUTO_INCREMENT=31;

--
-- AUTO_INCREMENT for table `selections`
--
ALTER TABLE `selections`
  MODIFY `id` int(10) UNSIGNED NOT NULL AUTO_INCREMENT, AUTO_INCREMENT=43;

--
-- AUTO_INCREMENT for table `settings`
--
ALTER TABLE `settings`
  MODIFY `id` int(10) UNSIGNED NOT NULL AUTO_INCREMENT, AUTO_INCREMENT=2;

--
-- AUTO_INCREMENT for table `surveys`
--
ALTER TABLE `surveys`
  MODIFY `id` int(10) UNSIGNED NOT NULL AUTO_INCREMENT, AUTO_INCREMENT=36;

--
-- AUTO_INCREMENT for table `survey_selections`
--
ALTER TABLE `survey_selections`
  MODIFY `id` int(10) UNSIGNED NOT NULL AUTO_INCREMENT, AUTO_INCREMENT=1387;

--
-- AUTO_INCREMENT for table `users`
--
ALTER TABLE `users`
  MODIFY `id` int(10) UNSIGNED NOT NULL AUTO_INCREMENT, AUTO_INCREMENT=2;

--
-- Constraints for dumped tables
--

--
-- Constraints for table `outlets`
--
ALTER TABLE `outlets`
  ADD CONSTRAINT `outlets_creator_id_foreign` FOREIGN KEY (`creator_id`) REFERENCES `users` (`id`);

--
-- Constraints for table `selections`
--
ALTER TABLE `selections`
  ADD CONSTRAINT `selections_user_id_foreign` FOREIGN KEY (`user_id`) REFERENCES `users` (`id`);

--
-- Constraints for table `surveys`
--
ALTER TABLE `surveys`
  ADD CONSTRAINT `surveys_user_id_foreign` FOREIGN KEY (`user_id`) REFERENCES `users` (`id`);

--
-- Constraints for table `survey_selections`
--
ALTER TABLE `survey_selections`
  ADD CONSTRAINT `survey_selections_selection_id_foreign` FOREIGN KEY (`selection_id`) REFERENCES `selections` (`id`),
  ADD CONSTRAINT `survey_selections_survey_id_foreign` FOREIGN KEY (`survey_id`) REFERENCES `surveys` (`id`);
COMMIT;

/*!40101 SET CHARACTER_SET_CLIENT=@OLD_CHARACTER_SET_CLIENT */;
/*!40101 SET CHARACTER_SET_RESULTS=@OLD_CHARACTER_SET_RESULTS */;
/*!40101 SET COLLATION_CONNECTION=@OLD_COLLATION_CONNECTION */;
